beacon_id,timestamp,device_id,is_present,rssi,timestamp_datetime
FFFFFFFF-0D6C-CF10-48B9-55AAB8167ABB:F363:0055,1681878351,5046452,False,,2023-04-19 11:25:51+07:00
FFFFFFFF-0D6C-CF10-48B9-55AAB8167ABB:F363:0055,1681883680,5046452,True,-31,2023-04-19 12:54:40+07:00
FFFFFFFF-0D6C-CF10-48B9-55AAB8167ABB:F363:0055,1681883799,5046452,True,-39,2023-04-19 12:56:39+07:00
FFFFFFFF-0D6C-CF10-48B9-55AAB8167ABB:F363:0055,1681883919,5046452,True,-33,2023-04-19 12:58:39+07:00
FFFFFFFF-0D6C-CF10-48B9-55AAB8167ABB:F363:0055,1681884042,5046452,True,-33,2023-04-19 13:00:42+07:00
FFFFFFFF-0D6C-CF10-48B9-55AAB8167ABB:F363:0055,1681884164,5046452,True,-32,2023-04-19 13:02:44+07:00
FFFFFFFF-0D6C-CF10-48B9-55AAB8167ABB:F363:0055,1681884281,5046452,True,-32,2023-04-19 13:04:41+07:00
FFFFFFFF-0D6C-CF10-48B9-55AAB8167ABB:F363:0055,1681884401,5046452,True,-39,2023-04-19 13:06:41+07:00
FFFFFFFF-0D6C-CF10-48B9-55AAB8167ABB:F363:0055,1681884522,5046452,True,-34,2023-04-19 13:08:42+07:00
FFFFFFFF-0D6C-CF10-48B9-55AAB8167ABB:F363:0055,1681884645,5046452,True,-21,2023-04-19 13:10:45+07:00
FFFFFFFF-0D6C-CF10-48B9-55AAB8167ABB:F363:0055,1681884762,5046452,True,-32,2023-04-19 13:12:42+07:00
FFFFFFFF-0D6C-CF10-48B9-55AAB8167ABB:F363:0055,1681884883,5046452,True,-21,2023-04-19 13:14:43+07:00
FFFFFFFF-0D6C-CF10-48B9-55AAB8167ABB:F363:0055,1681885007,5046452,True,-21,2023-04-19 13:16:47+07:00
FFFFFFFF-0D6C-CF10-48B9-55AAB8167ABB:F363:0055,1681885126,5046452,True,-32,2023-04-19 13:18:46+07:00
FFFFFFFF-0D6C-CF10-48B9-55AAB8167ABB:F363:0055,1681885243,5046452,True,-32,2023-04-19 13:20:43+07:00
FFFFFFFF-0D6C-CF10-48B9-55AAB8167ABB:F363:0055,1681885363,5046452,True,-21,2023-04-19 13:22:43+07:00
FFFFFFFF-0D6C-CF10-48B9-55AAB8167ABB:F363:0055,1681885542,5046452,True,-32,2023-04-19 13:25:42+07:00
FFFFFFFF-0D6C-CF10-48B9-55AAB8167ABB:F363:0055,1681885615,5046452,True,-22,2023-04-19 13:26:55+07:00
FFFFFFFF-0D6C-CF10-48B9-55AAB8167ABB:F363:0055,1681885734,5046452,True,-32,2023-04-19 13:28:54+07:00
FFFFFFFF-0D6C-CF10-48B9-55AAB8167ABB:F363:0055,1681885855,5046452,True,-21,2023-04-19 13:30:55+07:00
FFFFFFFF-0D6C-CF10-48B9-55AAB8167ABB:F363:0055,1681885979,5046452,True,-32,2023-04-19 13:32:59+07:00
FFFFFFFF-0D6C-CF10-48B9-55AAB8167ABB:F363:0055,1681886100,5046452,True,-32,2023-04-19 13:35:00+07:00
FFFFFFFF-0D6C-CF10-48B9-55AAB8167ABB:F363:0055,1681886276,5046452,True,-32,2023-04-19 13:37:56+07:00
FFFFFFFF-0D6C-CF10-48B9-55AAB8167ABB:F363:0055,1681886354,5046452,True,-32,2023-04-19 13:39:14+07:00
FFFFFFFF-0D6C-CF10-48B9-55AAB8167ABB:F363:0055,1681886475,5046452,False,,2023-04-19 13:41:15+07:00
FFFFFFFF-0D6C-CF10-48B9-55AAB8167ABB:F363:0055,1681886593,5046452,True,-21,2023-04-19 13:43:13+07:00
FFFFFFFF-0D6C-CF10-48B9-55AAB8167ABB:F363:0055,1681886714,5046452,True,-21,2023-04-19 13:45:14+07:00
FFFFFFFF-0D6C-CF10-48B9-55AAB8167ABB:F363:0055,1681886834,5046452,True,-32,2023-04-19 13:47:14+07:00
FFFFFFFF-0D6C-CF10-48B9-55AAB8167ABB:F363:0055,1681886952,5046452,True,-21,2023-04-19 13:49:12+07:00
FFFFFFFF-0D6C-CF10-48B9-55AAB8167ABB:F363:0055,1681887084,5046452,True,-32,2023-04-19 13:51:24+07:00
FFFFFFFF-0D6C-CF10-48B9-55AAB8167ABB:F363:0055,1681887196,5046452,True,-22,2023-04-19 13:53:16+07:00
FFFFFFFF-0D6C-CF10-48B9-55AAB8167ABB:F363:0055,1681887317,5046452,True,-22,2023-04-19 13:55:17+07:00
FFFFFFFF-0D6C-CF10-48B9-55AAB8167ABB:F363:0055,1681887443,5046452,True,-32,2023-04-19 13:57:23+07:00
FFFFFFFF-0D6C-CF10-48B9-55AAB8167ABB:F363:0055,1681887555,5046452,True,-21,2023-04-19 13:59:15+07:00
FFFFFFFF-0D6C-CF10-48B9-55AAB8167ABB:F363:0055,1681887675,5046452,True,-22,2023-04-19 14:01:15+07:00
FFFFFFFF-0D6C-CF10-48B9-55AAB8167ABB:F363:0055,1681887798,5046452,True,-32,2023-04-19 14:03:18+07:00
FFFFFFFF-0D6C-CF10-48B9-55AAB8167ABB:F363:0055,1681887916,5046452,True,-23,2023-04-19 14:05:16+07:00
FFFFFFFF-0D6C-CF10-48B9-55AAB8167ABB:F363:0055,1681888039,5046452,True,-33,2023-04-19 14:07:19+07:00
FFFFFFFF-0D6C-CF10-48B9-55AAB8167ABB:F363:0055,1681888157,5046452,True,-22,2023-04-19 14:09:17+07:00
FFFFFFFF-0D6C-CF10-48B9-55AAB8167ABB:F363:0055,1681888336,5046452,True,-22,2023-04-19 14:12:16+07:00
FFFFFFFF-0D6C-CF10-48B9-55AAB8167ABB:F363:0055,1681888411,5046452,True,-32,2023-04-19 14:13:31+07:00
FFFFFFFF-0D6C-CF10-48B9-55AAB8167ABB:F363:0055,1681888540,5046452,True,-32,2023-04-19 14:15:40+07:00
FFFFFFFF-0D6C-CF10-48B9-55AAB8167ABB:F363:0055,1681888654,5046452,False,,2023-04-19 14:17:34+07:00
FFFFFFFF-0D6C-CF10-48B9-55AAB8167ABB:F363:0055,1681888773,5046452,False,,2023-04-19 14:19:33+07:00
FFFFFFFF-0D6C-CF10-48B9-55AAB8167ABB:F363:0055,1681888950,5046452,True,-32,2023-04-19 14:22:30+07:00
FFFFFFFF-0D6C-CF10-48B9-55AAB8167ABB:F363:0055,1681889027,5046452,True,-21,2023-04-19 14:23:47+07:00
FFFFFFFF-0D6C-CF10-48B9-55AAB8167ABB:F363:0055,1681889143,5046452,True,-32,2023-04-19 14:25:43+07:00
FFFFFFFF-0D6C-CF10-48B9-55AAB8167ABB:F363:0055,1681889264,5046452,True,-32,2023-04-19 14:27:44+07:00
FFFFFFFF-0D6C-CF10-48B9-55AAB8167ABB:F363:0055,1681889442,5046452,True,-32,2023-04-19 14:30:42+07:00
FFFFFFFF-0D6C-CF10-48B9-55AAB8167ABB:F363:0055,1681889523,5046452,True,-23,2023-04-19 14:32:03+07:00
FFFFFFFF-0D6C-CF10-48B9-55AAB8167ABB:F363:0055,1681889639,5046452,True,-23,2023-04-19 14:33:59+07:00
FFFFFFFF-0D6C-CF10-48B9-55AAB8167ABB:F363:0055,1681889757,5046452,True,-23,2023-04-19 14:35:57+07:00
FFFFFFFF-0D6C-CF10-48B9-55AAB8167ABB:F363:0055,1681889879,5046452,True,-32,2023-04-19 14:37:59+07:00
FFFFFFFF-0D6C-CF10-48B9-55AAB8167ABB:F363:0055,1681890000,5046452,True,-32,2023-04-19 14:40:00+07:00
FFFFFFFF-0D6C-CF10-48B9-55AAB8167ABB:F363:0055,1681890121,5046452,False,,2023-04-19 14:42:01+07:00
FFFFFFFF-0D6C-CF10-48B9-55AAB8167ABB:F363:0055,1681890297,5046452,True,-23,2023-04-19 14:44:57+07:00
FFFFFFFF-0D6C-CF10-48B9-55AAB8167ABB:F363:0055,1681890372,5046452,True,-31,2023-04-19 14:46:12+07:00
FFFFFFFF-0D6C-CF10-48B9-55AAB8167ABB:F363:0055,1681890494,5046452,True,-31,2023-04-19 14:48:14+07:00
FFFFFFFF-0D6C-CF10-48B9-55AAB8167ABB:F363:0055,1681890613,5046452,False,,2023-04-19 14:50:13+07:00
FFFFFFFF-0D6C-CF10-48B9-55AAB8167ABB:F363:0055,1681890737,5046452,True,-22,2023-04-19 14:52:17+07:00
FFFFFFFF-0D6C-CF10-48B9-55AAB8167ABB:F363:0055,1681890855,5046452,True,-31,2023-04-19 14:54:15+07:00
FFFFFFFF-0D6C-CF10-48B9-55AAB8167ABB:F363:0055,1681890976,5046452,True,-31,2023-04-19 14:56:16+07:00
FFFFFFFF-0D6C-CF10-48B9-55AAB8167ABB:F363:0055,1681891094,5046452,True,-23,2023-04-19 14:58:14+07:00
FFFFFFFF-0D6C-CF10-48B9-55AAB8167ABB:F363:0055,1681891214,5046452,True,-31,2023-04-19 15:00:14+07:00
FFFFFFFF-0D6C-CF10-48B9-55AAB8167ABB:F363:0055,1681891340,5046452,True,-21,2023-04-19 15:02:20+07:00
FFFFFFFF-0D6C-CF10-48B9-55AAB8167ABB:F363:0055,1681891468,5046452,True,-21,2023-04-19 15:04:28+07:00
FFFFFFFF-0D6C-CF10-48B9-55AAB8167ABB:F363:0055,1681891635,5046452,True,-23,2023-04-19 15:07:15+07:00
FFFFFFFF-0D6C-CF10-48B9-55AAB8167ABB:F363:0055,1681891766,5046452,True,-21,2023-04-19 15:09:26+07:00
FFFFFFFF-0D6C-CF10-48B9-55AAB8167ABB:F363:0055,1681891898,5046452,True,-21,2023-04-19 15:11:38+07:00
FFFFFFFF-0D6C-CF10-48B9-55AAB8167ABB:F363:0055,1681891976,5046452,True,-31,2023-04-19 15:12:56+07:00
FFFFFFFF-0D6C-CF10-48B9-55AAB8167ABB:F363:0055,1681892093,5046452,True,-31,2023-04-19 15:14:53+07:00
FFFFFFFF-0D6C-CF10-48B9-55AAB8167ABB:F363:0055,1681892223,5046452,True,-22,2023-04-19 15:17:03+07:00
FFFFFFFF-0D6C-CF10-48B9-55AAB8167ABB:F363:0055,1681892333,5046452,True,-22,2023-04-19 15:18:53+07:00
FFFFFFFF-0D6C-CF10-48B9-55AAB8167ABB:F363:0055,1681892453,5046452,True,-23,2023-04-19 15:20:53+07:00
FFFFFFFF-0D6C-CF10-48B9-55AAB8167ABB:F363:0055,1681892631,5046452,True,-31,2023-04-19 15:23:51+07:00
FFFFFFFF-0D6C-CF10-48B9-55AAB8167ABB:F363:0055,1681892705,5046452,True,-32,2023-04-19 15:25:05+07:00
FFFFFFFF-0D6C-CF10-48B9-55AAB8167ABB:F363:0055,1681892827,5046452,True,-31,2023-04-19 15:27:07+07:00
FFFFFFFF-0D6C-CF10-48B9-55AAB8167ABB:F363:0055,1681892945,5046452,True,-22,2023-04-19 15:29:05+07:00
FFFFFFFF-0D6C-CF10-48B9-55AAB8167ABB:F363:0055,1681893067,5046452,True,-32,2023-04-19 15:31:07+07:00
FFFFFFFF-0D6C-CF10-48B9-55AAB8167ABB:F363:0055,1681893189,5046452,True,-32,2023-04-19 15:33:09+07:00
FFFFFFFF-0D6C-CF10-48B9-55AAB8167ABB:F363:0055,1681893307,5046452,True,-21,2023-04-19 15:35:07+07:00
FFFFFFFF-0D6C-CF10-48B9-55AAB8167ABB:F363:0055,1681893441,5046452,True,-32,2023-04-19 15:37:21+07:00
FFFFFFFF-0D6C-CF10-48B9-55AAB8167ABB:F363:0055,1681893607,5046452,True,-32,2023-04-19 15:40:07+07:00
FFFFFFFF-0D6C-CF10-48B9-55AAB8167ABB:F363:0055,1681893679,5046452,True,-22,2023-04-19 15:41:19+07:00
FFFFFFFF-0D6C-CF10-48B9-55AAB8167ABB:F363:0055,1681893800,5046452,True,-32,2023-04-19 15:43:20+07:00
FFFFFFFF-0D6C-CF10-48B9-55AAB8167ABB:F363:0055,1681893920,5046452,True,-21,2023-04-19 15:45:20+07:00
FFFFFFFF-0D6C-CF10-48B9-55AAB8167ABB:F363:0055,1681894041,5046452,True,-22,2023-04-19 15:47:21+07:00
FFFFFFFF-0D6C-CF10-48B9-55AAB8167ABB:F363:0055,1681894161,5046452,True,-32,2023-04-19 15:49:21+07:00
FFFFFFFF-0D6C-CF10-48B9-55AAB8167ABB:F363:0055,1681894290,5046452,True,-33,2023-04-19 15:51:30+07:00
FFFFFFFF-0D6C-CF10-48B9-55AAB8167ABB:F363:0055,1681894408,5046452,True,-21,2023-04-19 15:53:28+07:00
FFFFFFFF-0D6C-CF10-48B9-55AAB8167ABB:F363:0055,1681894582,5046452,True,-33,2023-04-19 15:56:22+07:00
FFFFFFFF-0D6C-CF10-48B9-55AAB8167ABB:F363:0055,1681894664,5046452,True,-33,2023-04-19 15:57:44+07:00
FFFFFFFF-0D6C-CF10-48B9-55AAB8167ABB:F363:0055,1681894779,5046452,True,-21,2023-04-19 15:59:39+07:00
FFFFFFFF-0D6C-CF10-48B9-55AAB8167ABB:F363:0055,1681894905,5046452,True,-22,2023-04-19 16:01:45+07:00
FFFFFFFF-0D6C-CF10-48B9-55AAB8167ABB:F363:0055,1681895019,5046452,True,-21,2023-04-19 16:03:39+07:00
FFFFFFFF-0D6C-CF10-48B9-55AAB8167ABB:F363:0055,1681895145,5046452,True,-21,2023-04-19 16:05:45+07:00
FFFFFFFF-0D6C-CF10-48B9-55AAB8167ABB:F363:0055,1681895261,5046452,True,-33,2023-04-19 16:07:41+07:00
FFFFFFFF-0D6C-CF10-48B9-55AAB8167ABB:F363:0055,1681895382,5046452,True,-21,2023-04-19 16:09:42+07:00
FFFFFFFF-0D6C-CF10-48B9-55AAB8167ABB:F363:0055,1681895559,5046452,True,-33,2023-04-19 16:12:39+07:00
FFFFFFFF-0D6C-CF10-48B9-55AAB8167ABB:F363:0055,1681895634,5046452,True,-33,2023-04-19 16:13:54+07:00
FFFFFFFF-0D6C-CF10-48B9-55AAB8167ABB:F363:0055,1681895754,5046452,True,-23,2023-04-19 16:15:54+07:00
FFFFFFFF-0D6C-CF10-48B9-55AAB8167ABB:F363:0055,1681896509,5046452,True,-29,2023-04-19 16:28:29+07:00
FFFFFFFF-0D6C-CF10-48B9-55AAB8167ABB:F363:0055,1681896633,5046452,True,-29,2023-04-19 16:30:33+07:00
FFFFFFFF-0D6C-CF10-48B9-55AAB8167ABB:F363:0055,1681896758,5046452,True,-34,2023-04-19 16:32:38+07:00
FFFFFFFF-0D6C-CF10-48B9-55AAB8167ABB:F363:0055,1681896883,5046452,True,-34,2023-04-19 16:34:43+07:00
FFFFFFFF-0D6C-CF10-48B9-55AAB8167ABB:F363:0055,1681896997,5046452,True,-28,2023-04-19 16:36:37+07:00
FFFFFFFF-0D6C-CF10-48B9-55AAB8167ABB:F363:0055,1681897123,5046452,True,-33,2023-04-19 16:38:43+07:00
FFFFFFFF-0D6C-CF10-48B9-55AAB8167ABB:F363:0055,1681897234,5046452,True,-28,2023-04-19 16:40:34+07:00
FFFFFFFF-0D6C-CF10-48B9-55AAB8167ABB:F363:0055,1681897360,5046452,True,-28,2023-04-19 16:42:40+07:00
FFFFFFFF-0D6C-CF10-48B9-55AAB8167ABB:F363:0055,1681897483,5046452,True,-28,2023-04-19 16:44:43+07:00
FFFFFFFF-0D6C-CF10-48B9-55AAB8167ABB:F363:0055,1681897613,5046452,True,-29,2023-04-19 16:46:53+07:00
FFFFFFFF-0D6C-CF10-48B9-55AAB8167ABB:F363:0055,1681897719,5046452,True,-29,2023-04-19 16:48:39+07:00
FFFFFFFF-0D6C-CF10-48B9-55AAB8167ABB:F363:0055,1681897837,5046452,True,-33,2023-04-19 16:50:37+07:00
FFFFFFFF-0D6C-CF10-48B9-55AAB8167ABB:F363:0055,1681897960,5046452,True,-33,2023-04-19 16:52:40+07:00
FFFFFFFF-0D6C-CF10-48B9-55AAB8167ABB:F363:0055,1681898079,5046452,True,-28,2023-04-19 16:54:39+07:00
FFFFFFFF-0D6C-CF10-48B9-55AAB8167ABB:F363:0055,1681898197,5046452,True,-28,2023-04-19 16:56:37+07:00
FFFFFFFF-0D6C-CF10-48B9-55AAB8167ABB:F363:0055,1681898318,5046452,False,,2023-04-19 16:58:38+07:00
FFFFFFFF-0D6C-CF10-48B9-55AAB8167ABB:F363:0055,1681898439,5046452,True,-27,2023-04-19 17:00:39+07:00
FFFFFFFF-0D6C-CF10-48B9-55AAB8167ABB:F363:0055,1681898615,5046452,True,-32,2023-04-19 17:03:35+07:00
FFFFFFFF-0D6C-CF10-48B9-55AAB8167ABB:F363:0055,1681898683,5046452,True,-32,2023-04-19 17:04:43+07:00
FFFFFFFF-0D6C-CF10-48B9-55AAB8167ABB:F363:0055,1681898805,5046452,False,,2023-04-19 17:06:45+07:00
FFFFFFFF-0D6C-CF10-48B9-55AAB8167ABB:F363:0055,1681898923,5046452,True,-30,2023-04-19 17:08:43+07:00
FFFFFFFF-0D6C-CF10-48B9-55AAB8167ABB:F363:0055,1681899044,5046452,True,-28,2023-04-19 17:10:44+07:00
FFFFFFFF-0D6C-CF10-48B9-55AAB8167ABB:F363:0055,1681899167,5046452,True,-31,2023-04-19 17:12:47+07:00
FFFFFFFF-0D6C-CF10-48B9-55AAB8167ABB:F363:0055,1681899287,5046452,True,-28,2023-04-19 17:14:47+07:00
FFFFFFFF-0D6C-CF10-48B9-55AAB8167ABB:F363:0055,1681899405,5046452,True,-29,2023-04-19 17:16:45+07:00
FFFFFFFF-0D6C-CF10-48B9-55AAB8167ABB:F363:0055,1681899526,5046452,True,-46,2023-04-19 17:18:46+07:00
FFFFFFFF-0D6C-CF10-48B9-55AAB8167ABB:F363:0055,1681899647,5046452,True,-57,2023-04-19 17:20:47+07:00
FFFFFFFF-0D6C-CF10-48B9-55AAB8167ABB:F363:0055,1681899767,5046452,True,-27,2023-04-19 17:22:47+07:00
FFFFFFFF-0D6C-CF10-48B9-55AAB8167ABB:F363:0055,1681899885,5046452,True,-22,2023-04-19 17:24:45+07:00
FFFFFFFF-0D6C-CF10-48B9-55AAB8167ABB:F363:0055,1681900009,5046452,True,-46,2023-04-19 17:26:49+07:00
FFFFFFFF-0D6C-CF10-48B9-55AAB8167ABB:F363:0055,1681900130,5046452,True,-46,2023-04-19 17:28:50+07:00
FFFFFFFF-0D6C-CF10-48B9-55AAB8167ABB:F363:0055,1681900251,5046452,True,-47,2023-04-19 17:30:51+07:00
FFFFFFFF-0D6C-CF10-48B9-55AAB8167ABB:F363:0055,1681900373,5046452,True,-47,2023-04-19 17:32:53+07:00
FFFFFFFF-0D6C-CF10-48B9-55AAB8167ABB:F363:0055,1681900493,5046452,True,-39,2023-04-19 17:34:53+07:00
FFFFFFFF-0D6C-CF10-48B9-55AAB8167ABB:F363:0055,1681900609,5046452,True,-47,2023-04-19 17:36:49+07:00
FFFFFFFF-0D6C-CF10-48B9-55AAB8167ABB:F363:0055,1681900730,5046452,True,-39,2023-04-19 17:38:50+07:00
FFFFFFFF-0D6C-CF10-48B9-55AAB8167ABB:F363:0055,1681900852,5046452,True,-39,2023-04-19 17:40:52+07:00
FFFFFFFF-0D6C-CF10-48B9-55AAB8167ABB:F363:0055,1681900970,5046452,True,-41,2023-04-19 17:42:50+07:00
FFFFFFFF-0D6C-CF10-48B9-55AAB8167ABB:F363:0055,1681901090,5046452,True,-47,2023-04-19 17:44:50+07:00
FFFFFFFF-0D6C-CF10-48B9-55AAB8167ABB:F363:0055,1681901212,5046452,True,-47,2023-04-19 17:46:52+07:00
FFFFFFFF-0D6C-CF10-48B9-55AAB8167ABB:F363:0055,1681901335,5046452,True,-39,2023-04-19 17:48:55+07:00
FFFFFFFF-0D6C-CF10-48B9-55AAB8167ABB:F363:0055,1681901461,5046452,True,-47,2023-04-19 17:51:01+07:00
FFFFFFFF-0D6C-CF10-48B9-55AAB8167ABB:F363:0055,1681901573,5046452,True,-42,2023-04-19 17:52:53+07:00
FFFFFFFF-0D6C-CF10-48B9-55AAB8167ABB:F363:0055,1681901694,5046452,True,-42,2023-04-19 17:54:54+07:00
FFFFFFFF-0D6C-CF10-48B9-55AAB8167ABB:F363:0055,1681901871,5046452,True,-47,2023-04-19 17:57:51+07:00
FFFFFFFF-0D6C-CF10-48B9-55AAB8167ABB:F363:0055,1681901943,5046452,True,-47,2023-04-19 17:59:03+07:00
FFFFFFFF-0D6C-CF10-48B9-55AAB8167ABB:F363:0055,1681902064,5046452,True,-47,2023-04-19 18:01:04+07:00
FFFFFFFF-0D6C-CF10-48B9-55AAB8167ABB:F363:0055,1681902184,5046452,False,,2023-04-19 18:03:04+07:00
FFFFFFFF-0D6C-CF10-48B9-55AAB8167ABB:F363:0055,1681902305,5046452,True,-48,2023-04-19 18:05:05+07:00
FFFFFFFF-0D6C-CF10-48B9-55AAB8167ABB:F363:0055,1681902426,5046452,True,-48,2023-04-19 18:07:06+07:00
FFFFFFFF-0D6C-CF10-48B9-55AAB8167ABB:F363:0055,1681902542,5046452,True,-42,2023-04-19 18:09:02+07:00
FFFFFFFF-0D6C-CF10-48B9-55AAB8167ABB:F363:0055,1681902662,5046452,True,-48,2023-04-19 18:11:02+07:00
FFFFFFFF-0D6C-CF10-48B9-55AAB8167ABB:F363:0055,1681902783,5046452,True,-40,2023-04-19 18:13:03+07:00
FFFFFFFF-0D6C-CF10-48B9-55AAB8167ABB:F363:0055,1681902904,5046452,True,-42,2023-04-19 18:15:04+07:00
FFFFFFFF-0D6C-CF10-48B9-55AAB8167ABB:F363:0055,1681903026,5046452,True,-48,2023-04-19 18:17:06+07:00
FFFFFFFF-0D6C-CF10-48B9-55AAB8167ABB:F363:0055,1681903145,5046452,True,-42,2023-04-19 18:19:05+07:00
FFFFFFFF-0D6C-CF10-48B9-55AAB8167ABB:F363:0055,1681903265,5046452,True,-42,2023-04-19 18:21:05+07:00
FFFFFFFF-0D6C-CF10-48B9-55AAB8167ABB:F363:0055,1681903384,5046452,True,-40,2023-04-19 18:23:04+07:00
FFFFFFFF-0D6C-CF10-48B9-55AAB8167ABB:F363:0055,1681903504,5046452,True,-42,2023-04-19 18:25:04+07:00
FFFFFFFF-0D6C-CF10-48B9-55AAB8167ABB:F363:0055,1681903625,5046452,True,-47,2023-04-19 18:27:05+07:00
FFFFFFFF-0D6C-CF10-48B9-55AAB8167ABB:F363:0055,1681903745,5046452,True,-39,2023-04-19 18:29:05+07:00
FFFFFFFF-0D6C-CF10-48B9-55AAB8167ABB:F363:0055,1681903866,5046452,True,-42,2023-04-19 18:31:06+07:00
FFFFFFFF-0D6C-CF10-48B9-55AAB8167ABB:F363:0055,1681903985,5046452,True,-47,2023-04-19 18:33:05+07:00
FFFFFFFF-0D6C-CF10-48B9-55AAB8167ABB:F363:0055,1681904105,5046452,True,-39,2023-04-19 18:35:05+07:00
FFFFFFFF-0D6C-CF10-48B9-55AAB8167ABB:F363:0055,1681904226,5046452,True,-41,2023-04-19 18:37:06+07:00
FFFFFFFF-0D6C-CF10-48B9-55AAB8167ABB:F363:0055,1681904348,5046452,True,-48,2023-04-19 18:39:08+07:00
FFFFFFFF-0D6C-CF10-48B9-55AAB8167ABB:F363:0055,1681904468,5046452,True,-48,2023-04-19 18:41:08+07:00
FFFFFFFF-0D6C-CF10-48B9-55AAB8167ABB:F363:0055,1681904587,5046452,True,-47,2023-04-19 18:43:07+07:00
FFFFFFFF-0D6C-CF10-48B9-55AAB8167ABB:F363:0055,1681904710,5046452,True,-47,2023-04-19 18:45:10+07:00
FFFFFFFF-0D6C-CF10-48B9-55AAB8167ABB:F363:0055,1681904828,5046452,True,-47,2023-04-19 18:47:08+07:00
FFFFFFFF-0D6C-CF10-48B9-55AAB8167ABB:F363:0055,1681904949,5046452,True,-39,2023-04-19 18:49:09+07:00
FFFFFFFF-0D6C-CF10-48B9-55AAB8167ABB:F363:0055,1681905072,5046452,True,-47,2023-04-19 18:51:12+07:00
FFFFFFFF-0D6C-CF10-48B9-55AAB8167ABB:F363:0055,1681905189,5046452,True,-47,2023-04-19 18:53:09+07:00
FFFFFFFF-0D6C-CF10-48B9-55AAB8167ABB:F363:0055,1681905310,5046452,True,-47,2023-04-19 18:55:10+07:00
FFFFFFFF-0D6C-CF10-48B9-55AAB8167ABB:F363:0055,1681905487,5046452,True,-39,2023-04-19 18:58:07+07:00
FFFFFFFF-0D6C-CF10-48B9-55AAB8167ABB:F363:0055,1681905552,5046452,True,-47,2023-04-19 18:59:12+07:00
FFFFFFFF-0D6C-CF10-48B9-55AAB8167ABB:F363:0055,1681905672,5046452,True,-47,2023-04-19 19:01:12+07:00
FFFFFFFF-0D6C-CF10-48B9-55AAB8167ABB:F363:0055,1681905792,5046452,True,-42,2023-04-19 19:03:12+07:00
FFFFFFFF-0D6C-CF10-48B9-55AAB8167ABB:F363:0055,1681905912,5046452,True,-47,2023-04-19 19:05:12+07:00
FFFFFFFF-0D6C-CF10-48B9-55AAB8167ABB:F363:0055,1681906033,5046452,True,-39,2023-04-19 19:07:13+07:00
FFFFFFFF-0D6C-CF10-48B9-55AAB8167ABB:F363:0055,1681906211,5046452,True,-40,2023-04-19 19:10:11+07:00
FFFFFFFF-0D6C-CF10-48B9-55AAB8167ABB:F363:0055,1681906331,5046452,True,-47,2023-04-19 19:12:11+07:00
FFFFFFFF-0D6C-CF10-48B9-55AAB8167ABB:F363:0055,1681906393,5046452,True,-42,2023-04-19 19:13:13+07:00
FFFFFFFF-0D6C-CF10-48B9-55AAB8167ABB:F363:0055,1681906572,5046452,True,-42,2023-04-19 19:16:12+07:00
FFFFFFFF-0D6C-CF10-48B9-55AAB8167ABB:F363:0055,1681906633,5046452,True,-47,2023-04-19 19:17:13+07:00
FFFFFFFF-0D6C-CF10-48B9-55AAB8167ABB:F363:0055,1681906812,5046452,True,-42,2023-04-19 19:20:12+07:00
FFFFFFFF-0D6C-CF10-48B9-55AAB8167ABB:F363:0055,1681906874,5046452,True,-39,2023-04-19 19:21:14+07:00
FFFFFFFF-0D6C-CF10-48B9-55AAB8167ABB:F363:0055,1681906996,5046452,True,-47,2023-04-19 19:23:16+07:00
FFFFFFFF-0D6C-CF10-48B9-55AAB8167ABB:F363:0055,1681961139,5046452,False,,2023-04-20 10:25:39+07:00
FFFFFFFF-0D6C-CF10-48B9-55AAB8167ABB:F363:0055,1681961286,5046452,False,,2023-04-20 10:28:06+07:00
FFFFFFFF-0D6C-CF10-48B9-55AAB8167ABB:F363:0055,1681961395,5046452,False,,2023-04-20 10:29:55+07:00
FFFFFFFF-0D6C-CF10-48B9-55AAB8167ABB:F363:0055,1681961539,5046452,True,-48,2023-04-20 10:32:19+07:00
FFFFFFFF-0D6C-CF10-48B9-55AAB8167ABB:F363:0055,1681961688,5046452,True,-50,2023-04-20 10:34:48+07:00
FFFFFFFF-0D6C-CF10-48B9-55AAB8167ABB:F363:0055,1681961787,5046452,True,-49,2023-04-20 10:36:27+07:00
FFFFFFFF-0D6C-CF10-48B9-55AAB8167ABB:F363:0055,1681961896,5046452,True,-49,2023-04-20 10:38:16+07:00
FFFFFFFF-0D6C-CF10-48B9-55AAB8167ABB:F363:0055,1681962026,5046452,True,-48,2023-04-20 10:40:26+07:00
FFFFFFFF-0D6C-CF10-48B9-55AAB8167ABB:F363:0055,1681962134,5046452,True,-46,2023-04-20 10:42:14+07:00
FFFFFFFF-0D6C-CF10-48B9-55AAB8167ABB:F363:0055,1681962271,5046452,True,-46,2023-04-20 10:44:31+07:00
FFFFFFFF-0D6C-CF10-48B9-55AAB8167ABB:F363:0055,1681962377,5046452,True,-50,2023-04-20 10:46:17+07:00
FFFFFFFF-0D6C-CF10-48B9-55AAB8167ABB:F363:0055,1681962503,5046452,True,-50,2023-04-20 10:48:23+07:00
FFFFFFFF-0D6C-CF10-48B9-55AAB8167ABB:F363:0055,1681962620,5046452,True,-48,2023-04-20 10:50:20+07:00
FFFFFFFF-0D6C-CF10-48B9-55AAB8167ABB:F363:0055,1681962749,5046452,True,-52,2023-04-20 10:52:29+07:00
FFFFFFFF-0D6C-CF10-48B9-55AAB8167ABB:F363:0055,1681962862,5046452,True,-49,2023-04-20 10:54:22+07:00
FFFFFFFF-0D6C-CF10-48B9-55AAB8167ABB:F363:0055,1681963038,5046452,True,-47,2023-04-20 10:57:18+07:00
FFFFFFFF-0D6C-CF10-48B9-55AAB8167ABB:F363:0055,1681963147,5046452,True,-48,2023-04-20 10:59:07+07:00
FFFFFFFF-0D6C-CF10-48B9-55AAB8167ABB:F363:0055,1681963252,5046452,True,-48,2023-04-20 11:00:52+07:00
FFFFFFFF-0D6C-CF10-48B9-55AAB8167ABB:F363:0055,1681963388,5046452,True,-48,2023-04-20 11:03:08+07:00
FFFFFFFF-0D6C-CF10-48B9-55AAB8167ABB:F363:0055,1681963493,5046452,True,-48,2023-04-20 11:04:53+07:00
FFFFFFFF-0D6C-CF10-48B9-55AAB8167ABB:F363:0055,1681963623,5046452,True,-50,2023-04-20 11:07:03+07:00
FFFFFFFF-0D6C-CF10-48B9-55AAB8167ABB:F363:0055,1681963788,5046452,True,-50,2023-04-20 11:09:48+07:00
FFFFFFFF-0D6C-CF10-48B9-55AAB8167ABB:F363:0055,1681963920,5046452,True,-48,2023-04-20 11:12:00+07:00
FFFFFFFF-0D6C-CF10-48B9-55AAB8167ABB:F363:0055,1681963994,5046452,True,-47,2023-04-20 11:13:14+07:00
FFFFFFFF-0D6C-CF10-48B9-55AAB8167ABB:F363:0055,1681964114,5046452,True,-45,2023-04-20 11:15:14+07:00
FFFFFFFF-0D6C-CF10-48B9-55AAB8167ABB:F363:0055,1681964114,5046452,True,-45,2023-04-20 11:15:14+07:00
FFFFFFFF-0D6C-CF10-48B9-55AAB8167ABB:F363:0055,1681964114,5046452,True,-45,2023-04-20 11:15:14+07:00
FFFFFFFF-0D6C-CF10-48B9-55AAB8167ABB:F363:0055,1681964114,5046452,True,-45,2023-04-20 11:15:14+07:00
FFFFFFFF-0D6C-CF10-48B9-55AAB8167ABB:F363:0055,1681964233,5046452,True,-49,2023-04-20 11:17:13+07:00
FFFFFFFF-0D6C-CF10-48B9-55AAB8167ABB:F363:0055,1681964352,5046452,True,-47,2023-04-20 11:19:12+07:00
FFFFFFFF-0D6C-CF10-48B9-55AAB8167ABB:F363:0055,1681964352,5046452,True,-47,2023-04-20 11:19:12+07:00
FFFFFFFF-0D6C-CF10-48B9-55AAB8167ABB:F363:0055,1681964352,5046452,True,-47,2023-04-20 11:19:12+07:00
FFFFFFFF-0D6C-CF10-48B9-55AAB8167ABB:F363:0055,1681964352,5046452,True,-47,2023-04-20 11:19:12+07:00
FFFFFFFF-0D6C-CF10-48B9-55AAB8167ABB:F363:0055,1681964352,5046452,True,-47,2023-04-20 11:19:12+07:00
FFFFFFFF-0D6C-CF10-48B9-55AAB8167ABB:F363:0055,1681964352,5046452,True,-47,2023-04-20 11:19:12+07:00
FFFFFFFF-0D6C-CF10-48B9-55AAB8167ABB:F363:0055,1681964352,5046452,True,-47,2023-04-20 11:19:12+07:00
FFFFFFFF-0D6C-CF10-48B9-55AAB8167ABB:F363:0055,1681964352,5046452,False,,2023-04-20 11:19:12+07:00
FFFFFFFF-0D6C-CF10-48B9-55AAB8167ABB:F363:0055,1681964352,5046452,False,,2023-04-20 11:19:12+07:00
FFFFFFFF-0D6C-CF10-48B9-55AAB8167ABB:F363:0055,1681964352,5046452,False,,2023-04-20 11:19:12+07:00
FFFFFFFF-0D6C-CF10-48B9-55AAB8167ABB:F363:0055,1681964352,5046452,False,,2023-04-20 11:19:12+07:00
FFFFFFFF-0D6C-CF10-48B9-55AAB8167ABB:F363:0055,1681964352,5046452,False,,2023-04-20 11:19:12+07:00
FFFFFFFF-0D6C-CF10-48B9-55AAB8167ABB:F363:0055,1681964352,5046452,False,,2023-04-20 11:19:12+07:00
FFFFFFFF-0D6C-CF10-48B9-55AAB8167ABB:F363:0055,1681964352,5046452,True,-47,2023-04-20 11:19:12+07:00
FFFFFFFF-0D6C-CF10-48B9-55AAB8167ABB:F363:0055,1681964472,5046452,True,-48,2023-04-20 11:21:12+07:00
FFFFFFFF-0D6C-CF10-48B9-55AAB8167ABB:F363:0055,1681964597,5046452,True,-48,2023-04-20 11:23:17+07:00
FFFFFFFF-0D6C-CF10-48B9-55AAB8167ABB:F363:0055,1681964713,5046452,True,-48,2023-04-20 11:25:13+07:00
FFFFFFFF-0D6C-CF10-48B9-55AAB8167ABB:F363:0055,1681964833,5046452,True,-48,2023-04-20 11:27:13+07:00
FFFFFFFF-0D6C-CF10-48B9-55AAB8167ABB:F363:0055,1681964961,5046452,True,-40,2023-04-20 11:29:21+07:00
FFFFFFFF-0D6C-CF10-48B9-55AAB8167ABB:F363:0055,1681965088,5046452,True,-40,2023-04-20 11:31:28+07:00
FFFFFFFF-0D6C-CF10-48B9-55AAB8167ABB:F363:0055,1681965206,5046452,True,-33,2023-04-20 11:33:26+07:00
FFFFFFFF-0D6C-CF10-48B9-55AAB8167ABB:F363:0055,1681965322,5046452,True,-33,2023-04-20 11:35:22+07:00
FFFFFFFF-0D6C-CF10-48B9-55AAB8167ABB:F363:0055,1681965455,5046452,True,-31,2023-04-20 11:37:35+07:00
FFFFFFFF-0D6C-CF10-48B9-55AAB8167ABB:F363:0055,1681965619,5046452,True,-59,2023-04-20 11:40:19+07:00
FFFFFFFF-0D6C-CF10-48B9-55AAB8167ABB:F363:0055,1681965703,5046452,True,-59,2023-04-20 11:41:43+07:00
FFFFFFFF-0D6C-CF10-48B9-55AAB8167ABB:F363:0055,1681965822,5046452,True,-59,2023-04-20 11:43:42+07:00
FFFFFFFF-0D6C-CF10-48B9-55AAB8167ABB:F363:0055,1681965935,5046452,True,-59,2023-04-20 11:45:35+07:00
FFFFFFFF-0D6C-CF10-48B9-55AAB8167ABB:F363:0055,1681966056,5046452,True,-28,2023-04-20 11:47:36+07:00
FFFFFFFF-0D6C-CF10-48B9-55AAB8167ABB:F363:0055,1681966176,5046452,True,-49,2023-04-20 11:49:36+07:00
FFFFFFFF-0D6C-CF10-48B9-55AAB8167ABB:F363:0055,1681966295,5046452,True,-31,2023-04-20 11:51:35+07:00
FFFFFFFF-0D6C-CF10-48B9-55AAB8167ABB:F363:0055,1681966418,5046452,True,-31,2023-04-20 11:53:38+07:00
FFFFFFFF-0D6C-CF10-48B9-55AAB8167ABB:F363:0055,1681966547,5046452,False,,2023-04-20 11:55:47+07:00
FFFFFFFF-0D6C-CF10-48B9-55AAB8167ABB:F363:0055,1681966658,5046452,True,-49,2023-04-20 11:57:38+07:00
FFFFFFFF-0D6C-CF10-48B9-55AAB8167ABB:F363:0055,1681966836,5046452,True,-31,2023-04-20 12:00:36+07:00
FFFFFFFF-0D6C-CF10-48B9-55AAB8167ABB:F363:0055,1681966913,5046452,True,-31,2023-04-20 12:01:53+07:00
FFFFFFFF-0D6C-CF10-48B9-55AAB8167ABB:F363:0055,1681967032,5046452,False,,2023-04-20 12:03:52+07:00
FFFFFFFF-0D6C-CF10-48B9-55AAB8167ABB:F363:0055,1681967154,5046452,True,-48,2023-04-20 12:05:54+07:00
FFFFFFFF-0D6C-CF10-48B9-55AAB8167ABB:F363:0055,1681967328,5046452,True,-50,2023-04-20 12:08:48+07:00
FFFFFFFF-0D6C-CF10-48B9-55AAB8167ABB:F363:0055,1681967404,5046452,True,-49,2023-04-20 12:10:04+07:00
FFFFFFFF-0D6C-CF10-48B9-55AAB8167ABB:F363:0055,1681967521,5046452,True,-43,2023-04-20 12:12:01+07:00
FFFFFFFF-0D6C-CF10-48B9-55AAB8167ABB:F363:0055,1681967647,5046452,True,-50,2023-04-20 12:14:07+07:00
FFFFFFFF-0D6C-CF10-48B9-55AAB8167ABB:F363:0055,1681967770,5046452,True,-43,2023-04-20 12:16:10+07:00
FFFFFFFF-0D6C-CF10-48B9-55AAB8167ABB:F363:0055,1681967899,5046452,True,-43,2023-04-20 12:18:19+07:00
FFFFFFFF-0D6C-CF10-48B9-55AAB8167ABB:F363:0055,1681968005,5046452,True,-50,2023-04-20 12:20:05+07:00
FFFFFFFF-0D6C-CF10-48B9-55AAB8167ABB:F363:0055,1681968132,5046452,True,-43,2023-04-20 12:22:12+07:00
FFFFFFFF-0D6C-CF10-48B9-55AAB8167ABB:F363:0055,1681968254,5046452,True,-43,2023-04-20 12:24:14+07:00
FFFFFFFF-0D6C-CF10-48B9-55AAB8167ABB:F363:0055,1681968370,5046452,True,-42,2023-04-20 12:26:10+07:00
FFFFFFFF-0D6C-CF10-48B9-55AAB8167ABB:F363:0055,1681968488,5046452,True,-50,2023-04-20 12:28:08+07:00
FFFFFFFF-0D6C-CF10-48B9-55AAB8167ABB:F363:0055,1681968610,5046452,True,-50,2023-04-20 12:30:10+07:00
FFFFFFFF-0D6C-CF10-48B9-55AAB8167ABB:F363:0055,1681968730,5046452,True,-50,2023-04-20 12:32:10+07:00
FFFFFFFF-0D6C-CF10-48B9-55AAB8167ABB:F363:0055,1681968863,5046452,True,-43,2023-04-20 12:34:23+07:00
FFFFFFFF-0D6C-CF10-48B9-55AAB8167ABB:F363:0055,1681968978,5046452,True,-42,2023-04-20 12:36:18+07:00
FFFFFFFF-0D6C-CF10-48B9-55AAB8167ABB:F363:0055,1681969095,5046452,True,-43,2023-04-20 12:38:15+07:00
FFFFFFFF-0D6C-CF10-48B9-55AAB8167ABB:F363:0055,1681969220,5046452,True,-42,2023-04-20 12:40:20+07:00
FFFFFFFF-0D6C-CF10-48B9-55AAB8167ABB:F363:0055,1681969338,5046452,True,-43,2023-04-20 12:42:18+07:00
FFFFFFFF-0D6C-CF10-48B9-55AAB8167ABB:F363:0055,1681969458,5046452,True,-50,2023-04-20 12:44:18+07:00
FFFFFFFF-0D6C-CF10-48B9-55AAB8167ABB:F363:0055,1681969588,5046452,True,-43,2023-04-20 12:46:28+07:00
FFFFFFFF-0D6C-CF10-48B9-55AAB8167ABB:F363:0055,1681969752,5046452,True,-43,2023-04-20 12:49:12+07:00
FFFFFFFF-0D6C-CF10-48B9-55AAB8167ABB:F363:0055,1681969855,5046452,True,-50,2023-04-20 12:50:55+07:00
FFFFFFFF-0D6C-CF10-48B9-55AAB8167ABB:F363:0055,1681969954,5046452,True,-43,2023-04-20 12:52:34+07:00
FFFFFFFF-0D6C-CF10-48B9-55AAB8167ABB:F363:0055,1681970082,5046452,True,-42,2023-04-20 12:54:42+07:00
FFFFFFFF-0D6C-CF10-48B9-55AAB8167ABB:F363:0055,1681970198,5046452,True,-42,2023-04-20 12:56:38+07:00
FFFFFFFF-0D6C-CF10-48B9-55AAB8167ABB:F363:0055,1681970321,5046452,True,-43,2023-04-20 12:58:41+07:00
FFFFFFFF-0D6C-CF10-48B9-55AAB8167ABB:F363:0055,1681970438,5046452,True,-43,2023-04-20 13:00:38+07:00
FFFFFFFF-0D6C-CF10-48B9-55AAB8167ABB:F363:0055,1681970573,5046452,True,-44,2023-04-20 13:02:53+07:00
FFFFFFFF-0D6C-CF10-48B9-55AAB8167ABB:F363:0055,1681970689,5046452,True,-44,2023-04-20 13:04:49+07:00
FFFFFFFF-0D6C-CF10-48B9-55AAB8167ABB:F363:0055,1681970811,5046452,True,-43,2023-04-20 13:06:51+07:00
FFFFFFFF-0D6C-CF10-48B9-55AAB8167ABB:F363:0055,1681970943,5046452,True,-42,2023-04-20 13:09:03+07:00
FFFFFFFF-0D6C-CF10-48B9-55AAB8167ABB:F363:0055,1681971053,5046452,True,-42,2023-04-20 13:10:53+07:00
FFFFFFFF-0D6C-CF10-48B9-55AAB8167ABB:F363:0055,1681971171,5046452,True,-49,2023-04-20 13:12:51+07:00
FFFFFFFF-0D6C-CF10-48B9-55AAB8167ABB:F363:0055,1681971289,5046452,True,-44,2023-04-20 13:14:49+07:00
FFFFFFFF-0D6C-CF10-48B9-55AAB8167ABB:F363:0055,1681971423,5046452,True,-44,2023-04-20 13:17:03+07:00
FFFFFFFF-0D6C-CF10-48B9-55AAB8167ABB:F363:0055,1681971533,5046452,True,-42,2023-04-20 13:18:53+07:00
FFFFFFFF-0D6C-CF10-48B9-55AAB8167ABB:F363:0055,1681971668,5046452,True,-39,2023-04-20 13:21:08+07:00
FFFFFFFF-0D6C-CF10-48B9-55AAB8167ABB:F363:0055,1681971797,5046452,True,-39,2023-04-20 13:23:17+07:00
FFFFFFFF-0D6C-CF10-48B9-55AAB8167ABB:F363:0055,1681971902,5046452,True,-41,2023-04-20 13:25:02+07:00
FFFFFFFF-0D6C-CF10-48B9-55AAB8167ABB:F363:0055,1681972078,5046452,True,-49,2023-04-20 13:27:58+07:00
FFFFFFFF-0D6C-CF10-48B9-55AAB8167ABB:F363:0055,1681972165,5046452,True,-49,2023-04-20 13:29:25+07:00
FFFFFFFF-0D6C-CF10-48B9-55AAB8167ABB:F363:0055,1681972294,5046452,False,,2023-04-20 13:31:34+07:00
FFFFFFFF-0D6C-CF10-48B9-55AAB8167ABB:F363:0055,1681972428,5046452,False,,2023-04-20 13:33:48+07:00
FFFFFFFF-0D6C-CF10-48B9-55AAB8167ABB:F363:0055,1681972527,5046452,False,,2023-04-20 13:35:27+07:00
FFFFFFFF-0D6C-CF10-48B9-55AAB8167ABB:F363:0055,1681972704,5046452,True,-42,2023-04-20 13:38:24+07:00
FFFFFFFF-0D6C-CF10-48B9-55AAB8167ABB:F363:0055,1681972786,5046452,True,-42,2023-04-20 13:39:46+07:00
FFFFFFFF-0D6C-CF10-48B9-55AAB8167ABB:F363:0055,1681972907,5046452,True,-41,2023-04-20 13:41:47+07:00
FFFFFFFF-0D6C-CF10-48B9-55AAB8167ABB:F363:0055,1681973021,5046452,True,-41,2023-04-20 13:43:41+07:00
FFFFFFFF-0D6C-CF10-48B9-55AAB8167ABB:F363:0055,1681973145,5046452,False,,2023-04-20 13:45:45+07:00
FFFFFFFF-0D6C-CF10-48B9-55AAB8167ABB:F363:0055,1681973261,5046452,True,-48,2023-04-20 13:47:41+07:00
FFFFFFFF-0D6C-CF10-48B9-55AAB8167ABB:F363:0055,1681973382,5046452,True,-43,2023-04-20 13:49:42+07:00
FFFFFFFF-0D6C-CF10-48B9-55AAB8167ABB:F363:0055,1681973516,5046452,True,-43,2023-04-20 13:51:56+07:00
FFFFFFFF-0D6C-CF10-48B9-55AAB8167ABB:F363:0055,1681973631,5046452,True,-41,2023-04-20 13:53:51+07:00
FFFFFFFF-0D6C-CF10-48B9-55AAB8167ABB:F363:0055,1681973758,5046452,True,-41,2023-04-20 13:55:58+07:00
FFFFFFFF-0D6C-CF10-48B9-55AAB8167ABB:F363:0055,1681973887,5046452,True,-40,2023-04-20 13:58:07+07:00
FFFFFFFF-0D6C-CF10-48B9-55AAB8167ABB:F363:0055,1681973993,5046452,True,-43,2023-04-20 13:59:53+07:00
FFFFFFFF-0D6C-CF10-48B9-55AAB8167ABB:F363:0055,1681974115,5046452,True,-43,2023-04-20 14:01:55+07:00
FFFFFFFF-0D6C-CF10-48B9-55AAB8167ABB:F363:0055,1681974235,5046452,False,,2023-04-20 14:03:55+07:00
FFFFFFFF-0D6C-CF10-48B9-55AAB8167ABB:F363:0055,1681974357,5046452,True,-41,2023-04-20 14:05:57+07:00
FFFFFFFF-0D6C-CF10-48B9-55AAB8167ABB:F363:0055,1681974476,5046452,True,-42,2023-04-20 14:07:56+07:00
FFFFFFFF-0D6C-CF10-48B9-55AAB8167ABB:F363:0055,1681974595,5046452,True,-47,2023-04-20 14:09:55+07:00
FFFFFFFF-0D6C-CF10-48B9-55AAB8167ABB:F363:0055,1681974717,5046452,True,-42,2023-04-20 14:11:57+07:00
FFFFFFFF-0D6C-CF10-48B9-55AAB8167ABB:F363:0055,1681974846,5046452,True,-42,2023-04-20 14:14:06+07:00
FFFFFFFF-0D6C-CF10-48B9-55AAB8167ABB:F363:0055,1681974969,5046452,True,-54,2023-04-20 14:16:09+07:00
FFFFFFFF-0D6C-CF10-48B9-55AAB8167ABB:F363:0055,1681975098,5046452,True,-51,2023-04-20 14:18:18+07:00
FFFFFFFF-0D6C-CF10-48B9-55AAB8167ABB:F363:0055,1681975204,5046452,True,-43,2023-04-20 14:20:04+07:00
FFFFFFFF-0D6C-CF10-48B9-55AAB8167ABB:F363:0055,1681975338,5046452,True,-42,2023-04-20 14:22:18+07:00
FFFFFFFF-0D6C-CF10-48B9-55AAB8167ABB:F363:0055,1681975453,5046452,True,-52,2023-04-20 14:24:13+07:00
FFFFFFFF-0D6C-CF10-48B9-55AAB8167ABB:F363:0055,1681975569,5046452,True,-43,2023-04-20 14:26:09+07:00
FFFFFFFF-0D6C-CF10-48B9-55AAB8167ABB:F363:0055,1681975691,5046452,True,-55,2023-04-20 14:28:11+07:00
FFFFFFFF-0D6C-CF10-48B9-55AAB8167ABB:F363:0055,1681975837,5046452,True,-55,2023-04-20 14:30:37+07:00
FFFFFFFF-0D6C-CF10-48B9-55AAB8167ABB:F363:0055,1681975934,5046452,True,-54,2023-04-20 14:32:14+07:00
FFFFFFFF-0D6C-CF10-48B9-55AAB8167ABB:F363:0055,1681976072,5046452,True,-42,2023-04-20 14:34:32+07:00
FFFFFFFF-0D6C-CF10-48B9-55AAB8167ABB:F363:0055,1681976180,5046452,True,-42,2023-04-20 14:36:20+07:00
FFFFFFFF-0D6C-CF10-48B9-55AAB8167ABB:F363:0055,1681976313,5046452,False,,2023-04-20 14:38:33+07:00
FFFFFFFF-0D6C-CF10-48B9-55AAB8167ABB:F363:0055,1681976472,5046452,False,,2023-04-20 14:41:12+07:00
FFFFFFFF-0D6C-CF10-48B9-55AAB8167ABB:F363:0055,1681976553,5046452,True,-45,2023-04-20 14:42:33+07:00
FFFFFFFF-0D6C-CF10-48B9-55AAB8167ABB:F363:0055,1681976674,5046452,True,-58,2023-04-20 14:44:34+07:00
FFFFFFFF-0D6C-CF10-48B9-55AAB8167ABB:F363:0055,1681976813,5046452,True,-58,2023-04-20 14:46:53+07:00
FFFFFFFF-0D6C-CF10-48B9-55AAB8167ABB:F363:0055,1681976924,5046452,False,,2023-04-20 14:48:44+07:00
FFFFFFFF-0D6C-CF10-48B9-55AAB8167ABB:F363:0055,1681977057,5046452,False,,2023-04-20 14:50:57+07:00
FFFFFFFF-0D6C-CF10-48B9-55AAB8167ABB:F363:0055,1681977165,5046452,True,-56,2023-04-20 14:52:45+07:00
FFFFFFFF-0D6C-CF10-48B9-55AAB8167ABB:F363:0055,1681977295,5046452,True,-56,2023-04-20 14:54:55+07:00
FFFFFFFF-0D6C-CF10-48B9-55AAB8167ABB:F363:0055,1681977413,5046452,False,,2023-04-20 14:56:53+07:00
FFFFFFFF-0D6C-CF10-48B9-55AAB8167ABB:F363:0055,1681977527,5046452,True,-46,2023-04-20 14:58:47+07:00
FFFFFFFF-0D6C-CF10-48B9-55AAB8167ABB:F363:0055,1681977655,5046452,True,-46,2023-04-20 15:00:55+07:00
FFFFFFFF-0D6C-CF10-48B9-55AAB8167ABB:F363:0055,1681977770,5046452,True,-38,2023-04-20 15:02:50+07:00
FFFFFFFF-0D6C-CF10-48B9-55AAB8167ABB:F363:0055,1681977926,5046452,True,-39,2023-04-20 15:05:26+07:00
FFFFFFFF-0D6C-CF10-48B9-55AAB8167ABB:F363:0055,1681978029,5046452,True,-40,2023-04-20 15:07:09+07:00
FFFFFFFF-0D6C-CF10-48B9-55AAB8167ABB:F363:0055,1681978142,5046452,True,-50,2023-04-20 15:09:02+07:00
FFFFFFFF-0D6C-CF10-48B9-55AAB8167ABB:F363:0055,1681978268,5046452,True,-50,2023-04-20 15:11:08+07:00
FFFFFFFF-0D6C-CF10-48B9-55AAB8167ABB:F363:0055,1681978440,5046452,True,-50,2023-04-20 15:14:00+07:00
FFFFFFFF-0D6C-CF10-48B9-55AAB8167ABB:F363:0055,1681978514,5046452,True,-48,2023-04-20 15:15:14+07:00
FFFFFFFF-0D6C-CF10-48B9-55AAB8167ABB:F363:0055,1681978639,5046452,True,-39,2023-04-20 15:17:19+07:00
FFFFFFFF-0D6C-CF10-48B9-55AAB8167ABB:F363:0055,1681978756,5046452,True,-39,2023-04-20 15:19:16+07:00
FFFFFFFF-0D6C-CF10-48B9-55AAB8167ABB:F363:0055,1681978891,5046452,False,,2023-04-20 15:21:31+07:00
FFFFFFFF-0D6C-CF10-48B9-55AAB8167ABB:F363:0055,1681979006,5046452,True,-38,2023-04-20 15:23:26+07:00
FFFFFFFF-0D6C-CF10-48B9-55AAB8167ABB:F363:0055,1681979121,5046452,True,-39,2023-04-20 15:25:21+07:00
FFFFFFFF-0D6C-CF10-48B9-55AAB8167ABB:F363:0055,1681979249,5046452,True,-39,2023-04-20 15:27:29+07:00
FFFFFFFF-0D6C-CF10-48B9-55AAB8167ABB:F363:0055,1681979371,5046452,True,-38,2023-04-20 15:29:31+07:00
FFFFFFFF-0D6C-CF10-48B9-55AAB8167ABB:F363:0055,1681979504,5046452,True,-38,2023-04-20 15:31:44+07:00
FFFFFFFF-0D6C-CF10-48B9-55AAB8167ABB:F363:0055,1681979641,5046452,True,-40,2023-04-20 15:34:01+07:00
FFFFFFFF-0D6C-CF10-48B9-55AAB8167ABB:F363:0055,1681979745,5046452,True,-33,2023-04-20 15:35:45+07:00
FFFFFFFF-0D6C-CF10-48B9-55AAB8167ABB:F363:0055,1681979871,5046452,True,-33,2023-04-20 15:37:51+07:00
FFFFFFFF-0D6C-CF10-48B9-55AAB8167ABB:F363:0055,1681979981,5046452,True,-34,2023-04-20 15:39:41+07:00
FFFFFFFF-0D6C-CF10-48B9-55AAB8167ABB:F363:0055,1681980112,5046452,True,-33,2023-04-20 15:41:52+07:00
FFFFFFFF-0D6C-CF10-48B9-55AAB8167ABB:F363:0055,1681980225,5046452,True,-57,2023-04-20 15:43:45+07:00
FFFFFFFF-0D6C-CF10-48B9-55AAB8167ABB:F363:0055,1681980362,5046452,True,-39,2023-04-20 15:46:02+07:00
FFFFFFFF-0D6C-CF10-48B9-55AAB8167ABB:F363:0055,1681980480,5046452,True,-39,2023-04-20 15:48:00+07:00
FFFFFFFF-0D6C-CF10-48B9-55AAB8167ABB:F363:0055,1681980632,5046452,True,-39,2023-04-20 15:50:32+07:00
FFFFFFFF-0D6C-CF10-48B9-55AAB8167ABB:F363:0055,1681980777,5046452,True,-39,2023-04-20 15:52:57+07:00
FFFFFFFF-0D6C-CF10-48B9-55AAB8167ABB:F363:0055,1681980870,5046452,True,-39,2023-04-20 15:54:30+07:00
FFFFFFFF-0D6C-CF10-48B9-55AAB8167ABB:F363:0055,1681980976,5046452,True,-42,2023-04-20 15:56:16+07:00
FFFFFFFF-0D6C-CF10-48B9-55AAB8167ABB:F363:0055,1681981098,5046452,True,-38,2023-04-20 15:58:18+07:00
FFFFFFFF-0D6C-CF10-48B9-55AAB8167ABB:F363:0055,1681981241,5046452,True,-43,2023-04-20 16:00:41+07:00
FFFFFFFF-0D6C-CF10-48B9-55AAB8167ABB:F363:0055,1681981361,5046452,True,-43,2023-04-20 16:02:41+07:00
FFFFFFFF-0D6C-CF10-48B9-55AAB8167ABB:F363:0055,1681981472,5046452,True,-66,2023-04-20 16:04:32+07:00
FFFFFFFF-0D6C-CF10-48B9-55AAB8167ABB:F363:0055,1681981593,5046452,True,-66,2023-04-20 16:06:33+07:00
FFFFFFFF-0D6C-CF10-48B9-55AAB8167ABB:F363:0055,1681981712,5046452,False,,2023-04-20 16:08:32+07:00
FFFFFFFF-0D6C-CF10-48B9-55AAB8167ABB:F363:0055,1681981835,5046452,True,-46,2023-04-20 16:10:35+07:00
FFFFFFFF-0D6C-CF10-48B9-55AAB8167ABB:F363:0055,1681981948,5046452,True,-35,2023-04-20 16:12:28+07:00
FFFFFFFF-0D6C-CF10-48B9-55AAB8167ABB:F363:0055,1681982075,5046452,True,-36,2023-04-20 16:14:35+07:00
FFFFFFFF-0D6C-CF10-48B9-55AAB8167ABB:F363:0055,1681982193,5046452,True,-36,2023-04-20 16:16:33+07:00
FFFFFFFF-0D6C-CF10-48B9-55AAB8167ABB:F363:0055,1681982321,5046452,True,-45,2023-04-20 16:18:41+07:00
FFFFFFFF-0D6C-CF10-48B9-55AAB8167ABB:F363:0055,1681982434,5046452,True,-35,2023-04-20 16:20:34+07:00
FFFFFFFF-0D6C-CF10-48B9-55AAB8167ABB:F363:0055,1681982556,5046452,True,-36,2023-04-20 16:22:36+07:00
FFFFFFFF-0D6C-CF10-48B9-55AAB8167ABB:F363:0055,1681982681,5046452,True,-36,2023-04-20 16:24:41+07:00
FFFFFFFF-0D6C-CF10-48B9-55AAB8167ABB:F363:0055,1681982854,5046452,True,-43,2023-04-20 16:27:34+07:00
FFFFFFFF-0D6C-CF10-48B9-55AAB8167ABB:F363:0055,1681982928,5046452,True,-35,2023-04-20 16:28:48+07:00
FFFFFFFF-0D6C-CF10-48B9-55AAB8167ABB:F363:0055,1681983048,5046452,True,-44,2023-04-20 16:30:48+07:00
FFFFFFFF-0D6C-CF10-48B9-55AAB8167ABB:F363:0055,1681983196,5046452,True,-44,2023-04-20 16:33:16+07:00
FFFFFFFF-0D6C-CF10-48B9-55AAB8167ABB:F363:0055,1681983314,5046452,True,-35,2023-04-20 16:35:14+07:00
FFFFFFFF-0D6C-CF10-48B9-55AAB8167ABB:F363:0055,1681983477,5046452,True,-39,2023-04-20 16:37:57+07:00
FFFFFFFF-0D6C-CF10-48B9-55AAB8167ABB:F363:0055,1681983552,5046452,True,-36,2023-04-20 16:39:12+07:00
FFFFFFFF-0D6C-CF10-48B9-55AAB8167ABB:F363:0055,1681983670,5046452,True,-45,2023-04-20 16:41:10+07:00
FFFFFFFF-0D6C-CF10-48B9-55AAB8167ABB:F363:0055,1681983790,5046452,True,-39,2023-04-20 16:43:10+07:00
FFFFFFFF-0D6C-CF10-48B9-55AAB8167ABB:F363:0055,1681983910,5046452,True,-33,2023-04-20 16:45:10+07:00
FFFFFFFF-0D6C-CF10-48B9-55AAB8167ABB:F363:0055,1681984089,5046452,True,-37,2023-04-20 16:48:09+07:00
FFFFFFFF-0D6C-CF10-48B9-55AAB8167ABB:F363:0055,1681984169,5046452,True,-37,2023-04-20 16:49:29+07:00
FFFFFFFF-0D6C-CF10-48B9-55AAB8167ABB:F363:0055,1681984288,5046452,True,-27,2023-04-20 16:51:28+07:00
FFFFFFFF-0D6C-CF10-48B9-55AAB8167ABB:F363:0055,1681984406,5046452,True,-65,2023-04-20 16:53:26+07:00
FFFFFFFF-0D6C-CF10-48B9-55AAB8167ABB:F363:0055,1681984527,5046452,False,,2023-04-20 16:55:27+07:00
FFFFFFFF-0D6C-CF10-48B9-55AAB8167ABB:F363:0055,1681984650,5046452,False,,2023-04-20 16:57:30+07:00
FFFFFFFF-0D6C-CF10-48B9-55AAB8167ABB:F363:0055,1681984779,5046452,False,,2023-04-20 16:59:39+07:00
FFFFFFFF-0D6C-CF10-48B9-55AAB8167ABB:F363:0055,1681984890,5046452,False,,2023-04-20 17:01:30+07:00
FFFFFFFF-0D6C-CF10-48B9-55AAB8167ABB:F363:0055,1681985012,5046452,False,,2023-04-20 17:03:32+07:00
FFFFFFFF-0D6C-CF10-48B9-55AAB8167ABB:F363:0055,1681985132,5046452,True,-56,2023-04-20 17:05:32+07:00
FFFFFFFF-0D6C-CF10-48B9-55AAB8167ABB:F363:0055,1681985263,5046452,True,-33,2023-04-20 17:07:43+07:00
FFFFFFFF-0D6C-CF10-48B9-55AAB8167ABB:F363:0055,1681985378,5046452,True,-32,2023-04-20 17:09:38+07:00
FFFFFFFF-0D6C-CF10-48B9-55AAB8167ABB:F363:0055,1681985513,5046452,True,-32,2023-04-20 17:11:53+07:00
FFFFFFFF-0D6C-CF10-48B9-55AAB8167ABB:F363:0055,1681985617,5046452,True,-31,2023-04-20 17:13:37+07:00
FFFFFFFF-0D6C-CF10-48B9-55AAB8167ABB:F363:0055,1681985742,5046452,True,-31,2023-04-20 17:15:42+07:00
FFFFFFFF-0D6C-CF10-48B9-55AAB8167ABB:F363:0055,1681985859,5046452,False,,2023-04-20 17:17:39+07:00
FFFFFFFF-0D6C-CF10-48B9-55AAB8167ABB:F363:0055,1681986003,5046452,True,-32,2023-04-20 17:20:03+07:00
FFFFFFFF-0D6C-CF10-48B9-55AAB8167ABB:F363:0055,1681986122,5046452,True,-30,2023-04-20 17:22:02+07:00
FFFFFFFF-0D6C-CF10-48B9-55AAB8167ABB:F363:0055,1681986227,5046452,True,-32,2023-04-20 17:23:47+07:00
FFFFFFFF-0D6C-CF10-48B9-55AAB8167ABB:F363:0055,1681986357,5046452,True,-29,2023-04-20 17:25:57+07:00
FFFFFFFF-0D6C-CF10-48B9-55AAB8167ABB:F363:0055,1681986469,5046452,True,-32,2023-04-20 17:27:49+07:00
FFFFFFFF-0D6C-CF10-48B9-55AAB8167ABB:F363:0055,1681986624,5046452,True,-36,2023-04-20 17:30:24+07:00
FFFFFFFF-0D6C-CF10-48B9-55AAB8167ABB:F363:0055,1681986750,5046452,True,-32,2023-04-20 17:32:30+07:00
FFFFFFFF-0D6C-CF10-48B9-55AAB8167ABB:F363:0055,1681986847,5046452,True,-32,2023-04-20 17:34:07+07:00
FFFFFFFF-0D6C-CF10-48B9-55AAB8167ABB:F363:0055,1681986968,5046452,False,,2023-04-20 17:36:08+07:00
FFFFFFFF-0D6C-CF10-48B9-55AAB8167ABB:F363:0055,1681987091,5046452,False,,2023-04-20 17:38:11+07:00
FFFFFFFF-0D6C-CF10-48B9-55AAB8167ABB:F363:0055,1681987210,5046452,True,-35,2023-04-20 17:40:10+07:00
FFFFFFFF-0D6C-CF10-48B9-55AAB8167ABB:F363:0055,1681987349,5046452,True,-35,2023-04-20 17:42:29+07:00
FFFFFFFF-0D6C-CF10-48B9-55AAB8167ABB:F363:0055,1681987478,5046452,True,-35,2023-04-20 17:44:38+07:00
FFFFFFFF-0D6C-CF10-48B9-55AAB8167ABB:F363:0055,1681987609,5046452,True,-39,2023-04-20 17:46:49+07:00
FFFFFFFF-0D6C-CF10-48B9-55AAB8167ABB:F363:0055,1681987712,5046452,True,-39,2023-04-20 17:48:32+07:00
FFFFFFFF-0D6C-CF10-48B9-55AAB8167ABB:F363:0055,1681987829,5046452,True,-34,2023-04-20 17:50:29+07:00
FFFFFFFF-0D6C-CF10-48B9-55AAB8167ABB:F363:0055,1681987945,5046452,True,-31,2023-04-20 17:52:25+07:00
FFFFFFFF-0D6C-CF10-48B9-55AAB8167ABB:F363:0055,1681988070,5046452,True,-26,2023-04-20 17:54:30+07:00
FFFFFFFF-0D6C-CF10-48B9-55AAB8167ABB:F363:0055,1681988200,5046452,True,-26,2023-04-20 17:56:40+07:00
FFFFFFFF-0D6C-CF10-48B9-55AAB8167ABB:F363:0055,1681988311,5046452,True,-26,2023-04-20 17:58:31+07:00
FFFFFFFF-0D6C-CF10-48B9-55AAB8167ABB:F363:0055,1681988435,5046452,True,-26,2023-04-20 18:00:35+07:00
FFFFFFFF-0D6C-CF10-48B9-55AAB8167ABB:F363:0055,1681988558,5046452,True,-23,2023-04-20 18:02:38+07:00
FFFFFFFF-0D6C-CF10-48B9-55AAB8167ABB:F363:0055,1681988677,5046452,True,-24,2023-04-20 18:04:37+07:00
FFFFFFFF-0D6C-CF10-48B9-55AAB8167ABB:F363:0055,1681988798,5046452,True,-54,2023-04-20 18:06:38+07:00
FFFFFFFF-0D6C-CF10-48B9-55AAB8167ABB:F363:0055,1681988913,5046452,True,-51,2023-04-20 18:08:33+07:00
FFFFFFFF-0D6C-CF10-48B9-55AAB8167ABB:F363:0055,1681989047,5046452,True,-51,2023-04-20 18:10:47+07:00
FFFFFFFF-0D6C-CF10-48B9-55AAB8167ABB:F363:0055,1681989159,5046452,True,-45,2023-04-20 18:12:39+07:00
FFFFFFFF-0D6C-CF10-48B9-55AAB8167ABB:F363:0055,1681989297,5046452,True,-45,2023-04-20 18:14:57+07:00
FFFFFFFF-0D6C-CF10-48B9-55AAB8167ABB:F363:0055,1681989409,5046452,True,-45,2023-04-20 18:16:49+07:00
FFFFFFFF-0D6C-CF10-48B9-55AAB8167ABB:F363:0055,1681989530,5046452,True,-57,2023-04-20 18:18:50+07:00
FFFFFFFF-0D6C-CF10-48B9-55AAB8167ABB:F363:0055,1681989645,5046452,True,-57,2023-04-20 18:20:45+07:00
FFFFFFFF-0D6C-CF10-48B9-55AAB8167ABB:F363:0055,1681989767,5046452,True,-54,2023-04-20 18:22:47+07:00
FFFFFFFF-0D6C-CF10-48B9-55AAB8167ABB:F363:0055,1681989886,5046452,True,-62,2023-04-20 18:24:46+07:00
FFFFFFFF-0D6C-CF10-48B9-55AAB8167ABB:F363:0055,1681990002,5046452,True,-54,2023-04-20 18:26:42+07:00
FFFFFFFF-0D6C-CF10-48B9-55AAB8167ABB:F363:0055,1681990126,5046452,True,-48,2023-04-20 18:28:46+07:00
FFFFFFFF-0D6C-CF10-48B9-55AAB8167ABB:F363:0055,1681990244,5046452,True,-62,2023-04-20 18:30:44+07:00
FFFFFFFF-0D6C-CF10-48B9-55AAB8167ABB:F363:0055,1681990372,5046452,True,-59,2023-04-20 18:32:52+07:00
FFFFFFFF-0D6C-CF10-48B9-55AAB8167ABB:F363:0055,1681990487,5046452,True,-59,2023-04-20 18:34:47+07:00
FFFFFFFF-0D6C-CF10-48B9-55AAB8167ABB:F363:0055,1681990604,5046452,False,,2023-04-20 18:36:44+07:00
FFFFFFFF-0D6C-CF10-48B9-55AAB8167ABB:F363:0055,1681990782,5046452,True,-54,2023-04-20 18:39:42+07:00
FFFFFFFF-0D6C-CF10-48B9-55AAB8167ABB:F363:0055,1681990854,5046452,True,-54,2023-04-20 18:40:54+07:00
FFFFFFFF-0D6C-CF10-48B9-55AAB8167ABB:F363:0055,1681990976,5046452,True,-54,2023-04-20 18:42:56+07:00
FFFFFFFF-0D6C-CF10-48B9-55AAB8167ABB:F363:0055,1681991094,5046452,True,-54,2023-04-20 18:44:54+07:00
FFFFFFFF-0D6C-CF10-48B9-55AAB8167ABB:F363:0055,1681991216,5046452,True,-45,2023-04-20 18:46:56+07:00
FFFFFFFF-0D6C-CF10-48B9-55AAB8167ABB:F363:0055,1681991336,5046452,True,-45,2023-04-20 18:48:56+07:00
FFFFFFFF-0D6C-CF10-48B9-55AAB8167ABB:F363:0055,1681991469,5046452,True,-49,2023-04-20 18:51:09+07:00
FFFFFFFF-0D6C-CF10-48B9-55AAB8167ABB:F363:0055,1681991582,5046452,True,-51,2023-04-20 18:53:02+07:00
FFFFFFFF-0D6C-CF10-48B9-55AAB8167ABB:F363:0055,1681991698,5046452,True,-51,2023-04-20 18:54:58+07:00
FFFFFFFF-0D6C-CF10-48B9-55AAB8167ABB:F363:0055,1681991821,5046452,False,,2023-04-20 18:57:01+07:00
FFFFFFFF-0D6C-CF10-48B9-55AAB8167ABB:F363:0055,1681991996,5046452,True,-61,2023-04-20 18:59:56+07:00
FFFFFFFF-0D6C-CF10-48B9-55AAB8167ABB:F363:0055,1681992068,5046452,True,-61,2023-04-20 19:01:08+07:00
FFFFFFFF-0D6C-CF10-48B9-55AAB8167ABB:F363:0055,1681992246,5046452,True,-31,2023-04-20 19:04:06+07:00
FFFFFFFF-0D6C-CF10-48B9-55AAB8167ABB:F363:0055,1681992312,5046452,True,-31,2023-04-20 19:05:12+07:00
FFFFFFFF-0D6C-CF10-48B9-55AAB8167ABB:F363:0055,1681992432,5046452,True,-23,2023-04-20 19:07:12+07:00
FFFFFFFF-0D6C-CF10-48B9-55AAB8167ABB:F363:0055,1681992554,5046452,True,-31,2023-04-20 19:09:14+07:00
FFFFFFFF-0D6C-CF10-48B9-55AAB8167ABB:F363:0055,1681992671,5046452,True,-23,2023-04-20 19:11:11+07:00
FFFFFFFF-0D6C-CF10-48B9-55AAB8167ABB:F363:0055,1681992791,5046452,True,-29,2023-04-20 19:13:11+07:00
E0702891-AE8E-8DC0-B0DE-3C666B326CA9:3138:0055,1681878351,5046452,True,-31,2023-04-19 11:25:51+07:00
E0702891-AE8E-8DC0-B0DE-3C666B326CA9:3138:0055,1681883680,5046452,True,-26,2023-04-19 12:54:40+07:00
E0702891-AE8E-8DC0-B0DE-3C666B326CA9:3138:0055,1681883799,5046452,True,-26,2023-04-19 12:56:39+07:00
E0702891-AE8E-8DC0-B0DE-3C666B326CA9:3138:0055,1681883919,5046452,True,-25,2023-04-19 12:58:39+07:00
E0702891-AE8E-8DC0-B0DE-3C666B326CA9:3138:0055,1681884042,5046452,True,-26,2023-04-19 13:00:42+07:00
E0702891-AE8E-8DC0-B0DE-3C666B326CA9:3138:0055,1681884164,5046452,True,-25,2023-04-19 13:02:44+07:00
E0702891-AE8E-8DC0-B0DE-3C666B326CA9:3138:0055,1681884281,5046452,True,-25,2023-04-19 13:04:41+07:00
E0702891-AE8E-8DC0-B0DE-3C666B326CA9:3138:0055,1681884401,5046452,True,-26,2023-04-19 13:06:41+07:00
E0702891-AE8E-8DC0-B0DE-3C666B326CA9:3138:0055,1681884522,5046452,True,-24,2023-04-19 13:08:42+07:00
E0702891-AE8E-8DC0-B0DE-3C666B326CA9:3138:0055,1681884645,5046452,True,-24,2023-04-19 13:10:45+07:00
E0702891-AE8E-8DC0-B0DE-3C666B326CA9:3138:0055,1681884762,5046452,True,-27,2023-04-19 13:12:42+07:00
E0702891-AE8E-8DC0-B0DE-3C666B326CA9:3138:0055,1681884883,5046452,True,-23,2023-04-19 13:14:43+07:00
E0702891-AE8E-8DC0-B0DE-3C666B326CA9:3138:0055,1681885007,5046452,True,-27,2023-04-19 13:16:47+07:00
E0702891-AE8E-8DC0-B0DE-3C666B326CA9:3138:0055,1681885126,5046452,True,-23,2023-04-19 13:18:46+07:00
E0702891-AE8E-8DC0-B0DE-3C666B326CA9:3138:0055,1681885243,5046452,True,-27,2023-04-19 13:20:43+07:00
E0702891-AE8E-8DC0-B0DE-3C666B326CA9:3138:0055,1681885363,5046452,True,-23,2023-04-19 13:22:43+07:00
E0702891-AE8E-8DC0-B0DE-3C666B326CA9:3138:0055,1681885542,5046452,True,-22,2023-04-19 13:25:42+07:00
E0702891-AE8E-8DC0-B0DE-3C666B326CA9:3138:0055,1681885615,5046452,True,-22,2023-04-19 13:26:55+07:00
E0702891-AE8E-8DC0-B0DE-3C666B326CA9:3138:0055,1681885734,5046452,True,-27,2023-04-19 13:28:54+07:00
E0702891-AE8E-8DC0-B0DE-3C666B326CA9:3138:0055,1681885855,5046452,True,-23,2023-04-19 13:30:55+07:00
E0702891-AE8E-8DC0-B0DE-3C666B326CA9:3138:0055,1681885979,5046452,True,-22,2023-04-19 13:32:59+07:00
E0702891-AE8E-8DC0-B0DE-3C666B326CA9:3138:0055,1681886100,5046452,True,-22,2023-04-19 13:35:00+07:00
E0702891-AE8E-8DC0-B0DE-3C666B326CA9:3138:0055,1681886276,5046452,True,-27,2023-04-19 13:37:56+07:00
E0702891-AE8E-8DC0-B0DE-3C666B326CA9:3138:0055,1681886354,5046452,True,-22,2023-04-19 13:39:14+07:00
E0702891-AE8E-8DC0-B0DE-3C666B326CA9:3138:0055,1681886475,5046452,True,-22,2023-04-19 13:41:15+07:00
E0702891-AE8E-8DC0-B0DE-3C666B326CA9:3138:0055,1681886593,5046452,True,-23,2023-04-19 13:43:13+07:00
E0702891-AE8E-8DC0-B0DE-3C666B326CA9:3138:0055,1681886714,5046452,True,-27,2023-04-19 13:45:14+07:00
E0702891-AE8E-8DC0-B0DE-3C666B326CA9:3138:0055,1681886834,5046452,True,-27,2023-04-19 13:47:14+07:00
E0702891-AE8E-8DC0-B0DE-3C666B326CA9:3138:0055,1681886952,5046452,True,-23,2023-04-19 13:49:12+07:00
E0702891-AE8E-8DC0-B0DE-3C666B326CA9:3138:0055,1681887084,5046452,True,-27,2023-04-19 13:51:24+07:00
E0702891-AE8E-8DC0-B0DE-3C666B326CA9:3138:0055,1681887196,5046452,True,-22,2023-04-19 13:53:16+07:00
E0702891-AE8E-8DC0-B0DE-3C666B326CA9:3138:0055,1681887317,5046452,True,-22,2023-04-19 13:55:17+07:00
E0702891-AE8E-8DC0-B0DE-3C666B326CA9:3138:0055,1681887443,5046452,True,-27,2023-04-19 13:57:23+07:00
E0702891-AE8E-8DC0-B0DE-3C666B326CA9:3138:0055,1681887555,5046452,True,-23,2023-04-19 13:59:15+07:00
E0702891-AE8E-8DC0-B0DE-3C666B326CA9:3138:0055,1681887675,5046452,True,-22,2023-04-19 14:01:15+07:00
E0702891-AE8E-8DC0-B0DE-3C666B326CA9:3138:0055,1681887798,5046452,True,-27,2023-04-19 14:03:18+07:00
E0702891-AE8E-8DC0-B0DE-3C666B326CA9:3138:0055,1681887916,5046452,True,-22,2023-04-19 14:05:16+07:00
E0702891-AE8E-8DC0-B0DE-3C666B326CA9:3138:0055,1681888039,5046452,True,-27,2023-04-19 14:07:19+07:00
E0702891-AE8E-8DC0-B0DE-3C666B326CA9:3138:0055,1681888157,5046452,True,-22,2023-04-19 14:09:17+07:00
E0702891-AE8E-8DC0-B0DE-3C666B326CA9:3138:0055,1681888336,5046452,True,-27,2023-04-19 14:12:16+07:00
E0702891-AE8E-8DC0-B0DE-3C666B326CA9:3138:0055,1681888411,5046452,True,-27,2023-04-19 14:13:31+07:00
E0702891-AE8E-8DC0-B0DE-3C666B326CA9:3138:0055,1681888540,5046452,True,-22,2023-04-19 14:15:40+07:00
E0702891-AE8E-8DC0-B0DE-3C666B326CA9:3138:0055,1681888654,5046452,True,-22,2023-04-19 14:17:34+07:00
E0702891-AE8E-8DC0-B0DE-3C666B326CA9:3138:0055,1681888773,5046452,True,-27,2023-04-19 14:19:33+07:00
E0702891-AE8E-8DC0-B0DE-3C666B326CA9:3138:0055,1681888950,5046452,True,-23,2023-04-19 14:22:30+07:00
E0702891-AE8E-8DC0-B0DE-3C666B326CA9:3138:0055,1681889027,5046452,True,-26,2023-04-19 14:23:47+07:00
E0702891-AE8E-8DC0-B0DE-3C666B326CA9:3138:0055,1681889143,5046452,True,-27,2023-04-19 14:25:43+07:00
E0702891-AE8E-8DC0-B0DE-3C666B326CA9:3138:0055,1681889264,5046452,True,-23,2023-04-19 14:27:44+07:00
E0702891-AE8E-8DC0-B0DE-3C666B326CA9:3138:0055,1681889442,5046452,True,-23,2023-04-19 14:30:42+07:00
E0702891-AE8E-8DC0-B0DE-3C666B326CA9:3138:0055,1681889523,5046452,True,-23,2023-04-19 14:32:03+07:00
E0702891-AE8E-8DC0-B0DE-3C666B326CA9:3138:0055,1681889639,5046452,True,-27,2023-04-19 14:33:59+07:00
E0702891-AE8E-8DC0-B0DE-3C666B326CA9:3138:0055,1681889757,5046452,True,-22,2023-04-19 14:35:57+07:00
E0702891-AE8E-8DC0-B0DE-3C666B326CA9:3138:0055,1681889879,5046452,True,-27,2023-04-19 14:37:59+07:00
E0702891-AE8E-8DC0-B0DE-3C666B326CA9:3138:0055,1681890000,5046452,True,-24,2023-04-19 14:40:00+07:00
E0702891-AE8E-8DC0-B0DE-3C666B326CA9:3138:0055,1681890121,5046452,True,-23,2023-04-19 14:42:01+07:00
E0702891-AE8E-8DC0-B0DE-3C666B326CA9:3138:0055,1681890297,5046452,True,-27,2023-04-19 14:44:57+07:00
E0702891-AE8E-8DC0-B0DE-3C666B326CA9:3138:0055,1681890372,5046452,True,-27,2023-04-19 14:46:12+07:00
E0702891-AE8E-8DC0-B0DE-3C666B326CA9:3138:0055,1681890494,5046452,True,-27,2023-04-19 14:48:14+07:00
E0702891-AE8E-8DC0-B0DE-3C666B326CA9:3138:0055,1681890613,5046452,True,-24,2023-04-19 14:50:13+07:00
E0702891-AE8E-8DC0-B0DE-3C666B326CA9:3138:0055,1681890737,5046452,True,-27,2023-04-19 14:52:17+07:00
E0702891-AE8E-8DC0-B0DE-3C666B326CA9:3138:0055,1681890855,5046452,True,-27,2023-04-19 14:54:15+07:00
E0702891-AE8E-8DC0-B0DE-3C666B326CA9:3138:0055,1681890976,5046452,True,-27,2023-04-19 14:56:16+07:00
E0702891-AE8E-8DC0-B0DE-3C666B326CA9:3138:0055,1681891094,5046452,True,-22,2023-04-19 14:58:14+07:00
E0702891-AE8E-8DC0-B0DE-3C666B326CA9:3138:0055,1681891214,5046452,True,-25,2023-04-19 15:00:14+07:00
E0702891-AE8E-8DC0-B0DE-3C666B326CA9:3138:0055,1681891340,5046452,True,-26,2023-04-19 15:02:20+07:00
E0702891-AE8E-8DC0-B0DE-3C666B326CA9:3138:0055,1681891468,5046452,True,-25,2023-04-19 15:04:28+07:00
E0702891-AE8E-8DC0-B0DE-3C666B326CA9:3138:0055,1681891635,5046452,True,-23,2023-04-19 15:07:15+07:00
E0702891-AE8E-8DC0-B0DE-3C666B326CA9:3138:0055,1681891766,5046452,True,-23,2023-04-19 15:09:26+07:00
E0702891-AE8E-8DC0-B0DE-3C666B326CA9:3138:0055,1681891898,5046452,True,-24,2023-04-19 15:11:38+07:00
E0702891-AE8E-8DC0-B0DE-3C666B326CA9:3138:0055,1681891976,5046452,True,-24,2023-04-19 15:12:56+07:00
E0702891-AE8E-8DC0-B0DE-3C666B326CA9:3138:0055,1681892093,5046452,True,-25,2023-04-19 15:14:53+07:00
E0702891-AE8E-8DC0-B0DE-3C666B326CA9:3138:0055,1681892223,5046452,True,-23,2023-04-19 15:17:03+07:00
E0702891-AE8E-8DC0-B0DE-3C666B326CA9:3138:0055,1681892333,5046452,True,-24,2023-04-19 15:18:53+07:00
E0702891-AE8E-8DC0-B0DE-3C666B326CA9:3138:0055,1681892453,5046452,True,-23,2023-04-19 15:20:53+07:00
E0702891-AE8E-8DC0-B0DE-3C666B326CA9:3138:0055,1681892631,5046452,True,-25,2023-04-19 15:23:51+07:00
E0702891-AE8E-8DC0-B0DE-3C666B326CA9:3138:0055,1681892705,5046452,True,-25,2023-04-19 15:25:05+07:00
E0702891-AE8E-8DC0-B0DE-3C666B326CA9:3138:0055,1681892827,5046452,True,-25,2023-04-19 15:27:07+07:00
E0702891-AE8E-8DC0-B0DE-3C666B326CA9:3138:0055,1681892945,5046452,True,-25,2023-04-19 15:29:05+07:00
E0702891-AE8E-8DC0-B0DE-3C666B326CA9:3138:0055,1681893067,5046452,True,-25,2023-04-19 15:31:07+07:00
E0702891-AE8E-8DC0-B0DE-3C666B326CA9:3138:0055,1681893189,5046452,True,-23,2023-04-19 15:33:09+07:00
E0702891-AE8E-8DC0-B0DE-3C666B326CA9:3138:0055,1681893307,5046452,True,-25,2023-04-19 15:35:07+07:00
E0702891-AE8E-8DC0-B0DE-3C666B326CA9:3138:0055,1681893441,5046452,True,-26,2023-04-19 15:37:21+07:00
E0702891-AE8E-8DC0-B0DE-3C666B326CA9:3138:0055,1681893607,5046452,True,-26,2023-04-19 15:40:07+07:00
E0702891-AE8E-8DC0-B0DE-3C666B326CA9:3138:0055,1681893679,5046452,True,-23,2023-04-19 15:41:19+07:00
E0702891-AE8E-8DC0-B0DE-3C666B326CA9:3138:0055,1681893800,5046452,True,-25,2023-04-19 15:43:20+07:00
E0702891-AE8E-8DC0-B0DE-3C666B326CA9:3138:0055,1681893920,5046452,True,-25,2023-04-19 15:45:20+07:00
E0702891-AE8E-8DC0-B0DE-3C666B326CA9:3138:0055,1681894041,5046452,True,-23,2023-04-19 15:47:21+07:00
E0702891-AE8E-8DC0-B0DE-3C666B326CA9:3138:0055,1681894161,5046452,True,-25,2023-04-19 15:49:21+07:00
E0702891-AE8E-8DC0-B0DE-3C666B326CA9:3138:0055,1681894290,5046452,True,-25,2023-04-19 15:51:30+07:00
E0702891-AE8E-8DC0-B0DE-3C666B326CA9:3138:0055,1681894408,5046452,True,-26,2023-04-19 15:53:28+07:00
E0702891-AE8E-8DC0-B0DE-3C666B326CA9:3138:0055,1681894582,5046452,True,-23,2023-04-19 15:56:22+07:00
E0702891-AE8E-8DC0-B0DE-3C666B326CA9:3138:0055,1681894664,5046452,True,-26,2023-04-19 15:57:44+07:00
E0702891-AE8E-8DC0-B0DE-3C666B326CA9:3138:0055,1681894779,5046452,True,-25,2023-04-19 15:59:39+07:00
E0702891-AE8E-8DC0-B0DE-3C666B326CA9:3138:0055,1681894905,5046452,True,-25,2023-04-19 16:01:45+07:00
E0702891-AE8E-8DC0-B0DE-3C666B326CA9:3138:0055,1681895019,5046452,True,-25,2023-04-19 16:03:39+07:00
E0702891-AE8E-8DC0-B0DE-3C666B326CA9:3138:0055,1681895145,5046452,True,-25,2023-04-19 16:05:45+07:00
E0702891-AE8E-8DC0-B0DE-3C666B326CA9:3138:0055,1681895261,5046452,True,-25,2023-04-19 16:07:41+07:00
E0702891-AE8E-8DC0-B0DE-3C666B326CA9:3138:0055,1681895382,5046452,True,-25,2023-04-19 16:09:42+07:00
E0702891-AE8E-8DC0-B0DE-3C666B326CA9:3138:0055,1681895559,5046452,True,-25,2023-04-19 16:12:39+07:00
E0702891-AE8E-8DC0-B0DE-3C666B326CA9:3138:0055,1681895634,5046452,True,-25,2023-04-19 16:13:54+07:00
E0702891-AE8E-8DC0-B0DE-3C666B326CA9:3138:0055,1681895754,5046452,True,-23,2023-04-19 16:15:54+07:00
E0702891-AE8E-8DC0-B0DE-3C666B326CA9:3138:0055,1681896509,5046452,False,,2023-04-19 16:28:29+07:00
E0702891-AE8E-8DC0-B0DE-3C666B326CA9:3138:0055,1681896633,5046452,False,,2023-04-19 16:30:33+07:00
E0702891-AE8E-8DC0-B0DE-3C666B326CA9:3138:0055,1681896758,5046452,False,,2023-04-19 16:32:38+07:00
E0702891-AE8E-8DC0-B0DE-3C666B326CA9:3138:0055,1681896883,5046452,False,,2023-04-19 16:34:43+07:00
E0702891-AE8E-8DC0-B0DE-3C666B326CA9:3138:0055,1681896997,5046452,False,,2023-04-19 16:36:37+07:00
E0702891-AE8E-8DC0-B0DE-3C666B326CA9:3138:0055,1681897123,5046452,False,,2023-04-19 16:38:43+07:00
E0702891-AE8E-8DC0-B0DE-3C666B326CA9:3138:0055,1681897234,5046452,True,-45,2023-04-19 16:40:34+07:00
E0702891-AE8E-8DC0-B0DE-3C666B326CA9:3138:0055,1681897360,5046452,False,,2023-04-19 16:42:40+07:00
E0702891-AE8E-8DC0-B0DE-3C666B326CA9:3138:0055,1681897483,5046452,False,,2023-04-19 16:44:43+07:00
E0702891-AE8E-8DC0-B0DE-3C666B326CA9:3138:0055,1681897613,5046452,False,,2023-04-19 16:46:53+07:00
E0702891-AE8E-8DC0-B0DE-3C666B326CA9:3138:0055,1681897719,5046452,False,,2023-04-19 16:48:39+07:00
E0702891-AE8E-8DC0-B0DE-3C666B326CA9:3138:0055,1681897837,5046452,True,-39,2023-04-19 16:50:37+07:00
E0702891-AE8E-8DC0-B0DE-3C666B326CA9:3138:0055,1681897960,5046452,True,-39,2023-04-19 16:52:40+07:00
E0702891-AE8E-8DC0-B0DE-3C666B326CA9:3138:0055,1681898079,5046452,True,-32,2023-04-19 16:54:39+07:00
E0702891-AE8E-8DC0-B0DE-3C666B326CA9:3138:0055,1681898197,5046452,True,-33,2023-04-19 16:56:37+07:00
E0702891-AE8E-8DC0-B0DE-3C666B326CA9:3138:0055,1681898318,5046452,True,-33,2023-04-19 16:58:38+07:00
E0702891-AE8E-8DC0-B0DE-3C666B326CA9:3138:0055,1681898439,5046452,True,-49,2023-04-19 17:00:39+07:00
E0702891-AE8E-8DC0-B0DE-3C666B326CA9:3138:0055,1681898615,5046452,True,-46,2023-04-19 17:03:35+07:00
E0702891-AE8E-8DC0-B0DE-3C666B326CA9:3138:0055,1681898683,5046452,True,-39,2023-04-19 17:04:43+07:00
E0702891-AE8E-8DC0-B0DE-3C666B326CA9:3138:0055,1681898805,5046452,True,-44,2023-04-19 17:06:45+07:00
E0702891-AE8E-8DC0-B0DE-3C666B326CA9:3138:0055,1681898923,5046452,True,-37,2023-04-19 17:08:43+07:00
E0702891-AE8E-8DC0-B0DE-3C666B326CA9:3138:0055,1681899044,5046452,True,-42,2023-04-19 17:10:44+07:00
E0702891-AE8E-8DC0-B0DE-3C666B326CA9:3138:0055,1681899167,5046452,True,-46,2023-04-19 17:12:47+07:00
E0702891-AE8E-8DC0-B0DE-3C666B326CA9:3138:0055,1681899287,5046452,True,-48,2023-04-19 17:14:47+07:00
E0702891-AE8E-8DC0-B0DE-3C666B326CA9:3138:0055,1681899405,5046452,True,-42,2023-04-19 17:16:45+07:00
E0702891-AE8E-8DC0-B0DE-3C666B326CA9:3138:0055,1681899526,5046452,True,-42,2023-04-19 17:18:46+07:00
E0702891-AE8E-8DC0-B0DE-3C666B326CA9:3138:0055,1681899647,5046452,False,,2023-04-19 17:20:47+07:00
E0702891-AE8E-8DC0-B0DE-3C666B326CA9:3138:0055,1681899767,5046452,False,,2023-04-19 17:22:47+07:00
E0702891-AE8E-8DC0-B0DE-3C666B326CA9:3138:0055,1681899885,5046452,True,-27,2023-04-19 17:24:45+07:00
E0702891-AE8E-8DC0-B0DE-3C666B326CA9:3138:0055,1681900009,5046452,True,-39,2023-04-19 17:26:49+07:00
E0702891-AE8E-8DC0-B0DE-3C666B326CA9:3138:0055,1681900130,5046452,True,-43,2023-04-19 17:28:50+07:00
E0702891-AE8E-8DC0-B0DE-3C666B326CA9:3138:0055,1681900251,5046452,True,-44,2023-04-19 17:30:51+07:00
E0702891-AE8E-8DC0-B0DE-3C666B326CA9:3138:0055,1681900373,5046452,True,-43,2023-04-19 17:32:53+07:00
E0702891-AE8E-8DC0-B0DE-3C666B326CA9:3138:0055,1681900493,5046452,True,-43,2023-04-19 17:34:53+07:00
E0702891-AE8E-8DC0-B0DE-3C666B326CA9:3138:0055,1681900609,5046452,True,-43,2023-04-19 17:36:49+07:00
E0702891-AE8E-8DC0-B0DE-3C666B326CA9:3138:0055,1681900730,5046452,True,-42,2023-04-19 17:38:50+07:00
E0702891-AE8E-8DC0-B0DE-3C666B326CA9:3138:0055,1681900852,5046452,True,-43,2023-04-19 17:40:52+07:00
E0702891-AE8E-8DC0-B0DE-3C666B326CA9:3138:0055,1681900970,5046452,True,-42,2023-04-19 17:42:50+07:00
E0702891-AE8E-8DC0-B0DE-3C666B326CA9:3138:0055,1681901090,5046452,True,-42,2023-04-19 17:44:50+07:00
E0702891-AE8E-8DC0-B0DE-3C666B326CA9:3138:0055,1681901212,5046452,True,-42,2023-04-19 17:46:52+07:00
E0702891-AE8E-8DC0-B0DE-3C666B326CA9:3138:0055,1681901335,5046452,True,-43,2023-04-19 17:48:55+07:00
E0702891-AE8E-8DC0-B0DE-3C666B326CA9:3138:0055,1681901461,5046452,True,-43,2023-04-19 17:51:01+07:00
E0702891-AE8E-8DC0-B0DE-3C666B326CA9:3138:0055,1681901573,5046452,True,-42,2023-04-19 17:52:53+07:00
E0702891-AE8E-8DC0-B0DE-3C666B326CA9:3138:0055,1681901694,5046452,True,-42,2023-04-19 17:54:54+07:00
E0702891-AE8E-8DC0-B0DE-3C666B326CA9:3138:0055,1681901871,5046452,True,-43,2023-04-19 17:57:51+07:00
E0702891-AE8E-8DC0-B0DE-3C666B326CA9:3138:0055,1681901943,5046452,True,-43,2023-04-19 17:59:03+07:00
E0702891-AE8E-8DC0-B0DE-3C666B326CA9:3138:0055,1681902064,5046452,True,-42,2023-04-19 18:01:04+07:00
E0702891-AE8E-8DC0-B0DE-3C666B326CA9:3138:0055,1681902184,5046452,True,-41,2023-04-19 18:03:04+07:00
E0702891-AE8E-8DC0-B0DE-3C666B326CA9:3138:0055,1681902305,5046452,True,-42,2023-04-19 18:05:05+07:00
E0702891-AE8E-8DC0-B0DE-3C666B326CA9:3138:0055,1681902426,5046452,True,-42,2023-04-19 18:07:06+07:00
E0702891-AE8E-8DC0-B0DE-3C666B326CA9:3138:0055,1681902542,5046452,True,-42,2023-04-19 18:09:02+07:00
E0702891-AE8E-8DC0-B0DE-3C666B326CA9:3138:0055,1681902662,5046452,True,-42,2023-04-19 18:11:02+07:00
E0702891-AE8E-8DC0-B0DE-3C666B326CA9:3138:0055,1681902783,5046452,True,-42,2023-04-19 18:13:03+07:00
E0702891-AE8E-8DC0-B0DE-3C666B326CA9:3138:0055,1681902904,5046452,True,-43,2023-04-19 18:15:04+07:00
E0702891-AE8E-8DC0-B0DE-3C666B326CA9:3138:0055,1681903026,5046452,True,-43,2023-04-19 18:17:06+07:00
E0702891-AE8E-8DC0-B0DE-3C666B326CA9:3138:0055,1681903145,5046452,True,-42,2023-04-19 18:19:05+07:00
E0702891-AE8E-8DC0-B0DE-3C666B326CA9:3138:0055,1681903265,5046452,True,-43,2023-04-19 18:21:05+07:00
E0702891-AE8E-8DC0-B0DE-3C666B326CA9:3138:0055,1681903384,5046452,True,-42,2023-04-19 18:23:04+07:00
E0702891-AE8E-8DC0-B0DE-3C666B326CA9:3138:0055,1681903504,5046452,True,-42,2023-04-19 18:25:04+07:00
E0702891-AE8E-8DC0-B0DE-3C666B326CA9:3138:0055,1681903625,5046452,True,-42,2023-04-19 18:27:05+07:00
E0702891-AE8E-8DC0-B0DE-3C666B326CA9:3138:0055,1681903745,5046452,True,-42,2023-04-19 18:29:05+07:00
E0702891-AE8E-8DC0-B0DE-3C666B326CA9:3138:0055,1681903866,5046452,True,-42,2023-04-19 18:31:06+07:00
E0702891-AE8E-8DC0-B0DE-3C666B326CA9:3138:0055,1681903985,5046452,True,-42,2023-04-19 18:33:05+07:00
E0702891-AE8E-8DC0-B0DE-3C666B326CA9:3138:0055,1681904105,5046452,True,-42,2023-04-19 18:35:05+07:00
E0702891-AE8E-8DC0-B0DE-3C666B326CA9:3138:0055,1681904226,5046452,True,-42,2023-04-19 18:37:06+07:00
E0702891-AE8E-8DC0-B0DE-3C666B326CA9:3138:0055,1681904348,5046452,True,-43,2023-04-19 18:39:08+07:00
E0702891-AE8E-8DC0-B0DE-3C666B326CA9:3138:0055,1681904468,5046452,True,-42,2023-04-19 18:41:08+07:00
E0702891-AE8E-8DC0-B0DE-3C666B326CA9:3138:0055,1681904587,5046452,True,-42,2023-04-19 18:43:07+07:00
E0702891-AE8E-8DC0-B0DE-3C666B326CA9:3138:0055,1681904710,5046452,True,-42,2023-04-19 18:45:10+07:00
E0702891-AE8E-8DC0-B0DE-3C666B326CA9:3138:0055,1681904828,5046452,True,-43,2023-04-19 18:47:08+07:00
E0702891-AE8E-8DC0-B0DE-3C666B326CA9:3138:0055,1681904949,5046452,True,-42,2023-04-19 18:49:09+07:00
E0702891-AE8E-8DC0-B0DE-3C666B326CA9:3138:0055,1681905072,5046452,True,-42,2023-04-19 18:51:12+07:00
E0702891-AE8E-8DC0-B0DE-3C666B326CA9:3138:0055,1681905189,5046452,True,-42,2023-04-19 18:53:09+07:00
E0702891-AE8E-8DC0-B0DE-3C666B326CA9:3138:0055,1681905310,5046452,True,-42,2023-04-19 18:55:10+07:00
E0702891-AE8E-8DC0-B0DE-3C666B326CA9:3138:0055,1681905487,5046452,True,-42,2023-04-19 18:58:07+07:00
E0702891-AE8E-8DC0-B0DE-3C666B326CA9:3138:0055,1681905552,5046452,True,-43,2023-04-19 18:59:12+07:00
E0702891-AE8E-8DC0-B0DE-3C666B326CA9:3138:0055,1681905672,5046452,True,-42,2023-04-19 19:01:12+07:00
E0702891-AE8E-8DC0-B0DE-3C666B326CA9:3138:0055,1681905792,5046452,True,-42,2023-04-19 19:03:12+07:00
E0702891-AE8E-8DC0-B0DE-3C666B326CA9:3138:0055,1681905912,5046452,True,-42,2023-04-19 19:05:12+07:00
E0702891-AE8E-8DC0-B0DE-3C666B326CA9:3138:0055,1681906033,5046452,True,-42,2023-04-19 19:07:13+07:00
E0702891-AE8E-8DC0-B0DE-3C666B326CA9:3138:0055,1681906211,5046452,True,-43,2023-04-19 19:10:11+07:00
E0702891-AE8E-8DC0-B0DE-3C666B326CA9:3138:0055,1681906331,5046452,True,-43,2023-04-19 19:12:11+07:00
E0702891-AE8E-8DC0-B0DE-3C666B326CA9:3138:0055,1681906393,5046452,True,-42,2023-04-19 19:13:13+07:00
E0702891-AE8E-8DC0-B0DE-3C666B326CA9:3138:0055,1681906572,5046452,True,-42,2023-04-19 19:16:12+07:00
E0702891-AE8E-8DC0-B0DE-3C666B326CA9:3138:0055,1681906633,5046452,True,-43,2023-04-19 19:17:13+07:00
E0702891-AE8E-8DC0-B0DE-3C666B326CA9:3138:0055,1681906812,5046452,True,-42,2023-04-19 19:20:12+07:00
E0702891-AE8E-8DC0-B0DE-3C666B326CA9:3138:0055,1681906874,5046452,True,-42,2023-04-19 19:21:14+07:00
E0702891-AE8E-8DC0-B0DE-3C666B326CA9:3138:0055,1681906996,5046452,True,-42,2023-04-19 19:23:16+07:00
E0702891-AE8E-8DC0-B0DE-3C666B326CA9:3138:0055,1681961139,5046452,True,-45,2023-04-20 10:25:39+07:00
E0702891-AE8E-8DC0-B0DE-3C666B326CA9:3138:0055,1681961286,5046452,True,-36,2023-04-20 10:28:06+07:00
E0702891-AE8E-8DC0-B0DE-3C666B326CA9:3138:0055,1681961395,5046452,True,-37,2023-04-20 10:29:55+07:00
E0702891-AE8E-8DC0-B0DE-3C666B326CA9:3138:0055,1681961539,5046452,True,-37,2023-04-20 10:32:19+07:00
E0702891-AE8E-8DC0-B0DE-3C666B326CA9:3138:0055,1681961688,5046452,False,,2023-04-20 10:34:48+07:00
E0702891-AE8E-8DC0-B0DE-3C666B326CA9:3138:0055,1681961787,5046452,False,,2023-04-20 10:36:27+07:00
E0702891-AE8E-8DC0-B0DE-3C666B326CA9:3138:0055,1681961896,5046452,False,,2023-04-20 10:38:16+07:00
E0702891-AE8E-8DC0-B0DE-3C666B326CA9:3138:0055,1681962026,5046452,False,,2023-04-20 10:40:26+07:00
E0702891-AE8E-8DC0-B0DE-3C666B326CA9:3138:0055,1681962134,5046452,True,-37,2023-04-20 10:42:14+07:00
E0702891-AE8E-8DC0-B0DE-3C666B326CA9:3138:0055,1681962271,5046452,True,-36,2023-04-20 10:44:31+07:00
E0702891-AE8E-8DC0-B0DE-3C666B326CA9:3138:0055,1681962377,5046452,True,-52,2023-04-20 10:46:17+07:00
E0702891-AE8E-8DC0-B0DE-3C666B326CA9:3138:0055,1681962503,5046452,True,-39,2023-04-20 10:48:23+07:00
E0702891-AE8E-8DC0-B0DE-3C666B326CA9:3138:0055,1681962620,5046452,True,-38,2023-04-20 10:50:20+07:00
E0702891-AE8E-8DC0-B0DE-3C666B326CA9:3138:0055,1681962749,5046452,True,-39,2023-04-20 10:52:29+07:00
E0702891-AE8E-8DC0-B0DE-3C666B326CA9:3138:0055,1681962862,5046452,True,-39,2023-04-20 10:54:22+07:00
E0702891-AE8E-8DC0-B0DE-3C666B326CA9:3138:0055,1681963038,5046452,True,-38,2023-04-20 10:57:18+07:00
E0702891-AE8E-8DC0-B0DE-3C666B326CA9:3138:0055,1681963147,5046452,True,-38,2023-04-20 10:59:07+07:00
E0702891-AE8E-8DC0-B0DE-3C666B326CA9:3138:0055,1681963252,5046452,False,,2023-04-20 11:00:52+07:00
E0702891-AE8E-8DC0-B0DE-3C666B326CA9:3138:0055,1681963388,5046452,False,,2023-04-20 11:03:08+07:00
E0702891-AE8E-8DC0-B0DE-3C666B326CA9:3138:0055,1681963493,5046452,False,,2023-04-20 11:04:53+07:00
E0702891-AE8E-8DC0-B0DE-3C666B326CA9:3138:0055,1681963623,5046452,False,,2023-04-20 11:07:03+07:00
E0702891-AE8E-8DC0-B0DE-3C666B326CA9:3138:0055,1681963788,5046452,True,-62,2023-04-20 11:09:48+07:00
E0702891-AE8E-8DC0-B0DE-3C666B326CA9:3138:0055,1681963920,5046452,True,-63,2023-04-20 11:12:00+07:00
E0702891-AE8E-8DC0-B0DE-3C666B326CA9:3138:0055,1681963994,5046452,True,-63,2023-04-20 11:13:14+07:00
E0702891-AE8E-8DC0-B0DE-3C666B326CA9:3138:0055,1681964114,5046452,True,-51,2023-04-20 11:15:14+07:00
E0702891-AE8E-8DC0-B0DE-3C666B326CA9:3138:0055,1681964114,5046452,False,,2023-04-20 11:15:14+07:00
E0702891-AE8E-8DC0-B0DE-3C666B326CA9:3138:0055,1681964114,5046452,False,,2023-04-20 11:15:14+07:00
E0702891-AE8E-8DC0-B0DE-3C666B326CA9:3138:0055,1681964114,5046452,False,,2023-04-20 11:15:14+07:00
E0702891-AE8E-8DC0-B0DE-3C666B326CA9:3138:0055,1681964233,5046452,False,,2023-04-20 11:17:13+07:00
E0702891-AE8E-8DC0-B0DE-3C666B326CA9:3138:0055,1681964352,5046452,True,-56,2023-04-20 11:19:12+07:00
E0702891-AE8E-8DC0-B0DE-3C666B326CA9:3138:0055,1681964352,5046452,True,-56,2023-04-20 11:19:12+07:00
E0702891-AE8E-8DC0-B0DE-3C666B326CA9:3138:0055,1681964352,5046452,True,-56,2023-04-20 11:19:12+07:00
E0702891-AE8E-8DC0-B0DE-3C666B326CA9:3138:0055,1681964352,5046452,False,,2023-04-20 11:19:12+07:00
E0702891-AE8E-8DC0-B0DE-3C666B326CA9:3138:0055,1681964352,5046452,False,,2023-04-20 11:19:12+07:00
E0702891-AE8E-8DC0-B0DE-3C666B326CA9:3138:0055,1681964352,5046452,False,,2023-04-20 11:19:12+07:00
E0702891-AE8E-8DC0-B0DE-3C666B326CA9:3138:0055,1681964352,5046452,True,-56,2023-04-20 11:19:12+07:00
E0702891-AE8E-8DC0-B0DE-3C666B326CA9:3138:0055,1681964352,5046452,True,-56,2023-04-20 11:19:12+07:00
E0702891-AE8E-8DC0-B0DE-3C666B326CA9:3138:0055,1681964352,5046452,True,-56,2023-04-20 11:19:12+07:00
E0702891-AE8E-8DC0-B0DE-3C666B326CA9:3138:0055,1681964352,5046452,True,-56,2023-04-20 11:19:12+07:00
E0702891-AE8E-8DC0-B0DE-3C666B326CA9:3138:0055,1681964352,5046452,True,-56,2023-04-20 11:19:12+07:00
E0702891-AE8E-8DC0-B0DE-3C666B326CA9:3138:0055,1681964352,5046452,True,-56,2023-04-20 11:19:12+07:00
E0702891-AE8E-8DC0-B0DE-3C666B326CA9:3138:0055,1681964352,5046452,True,-56,2023-04-20 11:19:12+07:00
E0702891-AE8E-8DC0-B0DE-3C666B326CA9:3138:0055,1681964352,5046452,True,-56,2023-04-20 11:19:12+07:00
E0702891-AE8E-8DC0-B0DE-3C666B326CA9:3138:0055,1681964472,5046452,True,-52,2023-04-20 11:21:12+07:00
E0702891-AE8E-8DC0-B0DE-3C666B326CA9:3138:0055,1681964597,5046452,True,-57,2023-04-20 11:23:17+07:00
E0702891-AE8E-8DC0-B0DE-3C666B326CA9:3138:0055,1681964713,5046452,True,-56,2023-04-20 11:25:13+07:00
E0702891-AE8E-8DC0-B0DE-3C666B326CA9:3138:0055,1681964833,5046452,True,-58,2023-04-20 11:27:13+07:00
E0702891-AE8E-8DC0-B0DE-3C666B326CA9:3138:0055,1681964961,5046452,True,-58,2023-04-20 11:29:21+07:00
E0702891-AE8E-8DC0-B0DE-3C666B326CA9:3138:0055,1681965088,5046452,True,-39,2023-04-20 11:31:28+07:00
E0702891-AE8E-8DC0-B0DE-3C666B326CA9:3138:0055,1681965206,5046452,True,-39,2023-04-20 11:33:26+07:00
E0702891-AE8E-8DC0-B0DE-3C666B326CA9:3138:0055,1681965322,5046452,True,-44,2023-04-20 11:35:22+07:00
E0702891-AE8E-8DC0-B0DE-3C666B326CA9:3138:0055,1681965455,5046452,True,-39,2023-04-20 11:37:35+07:00
E0702891-AE8E-8DC0-B0DE-3C666B326CA9:3138:0055,1681965619,5046452,True,-37,2023-04-20 11:40:19+07:00
E0702891-AE8E-8DC0-B0DE-3C666B326CA9:3138:0055,1681965703,5046452,True,-37,2023-04-20 11:41:43+07:00
E0702891-AE8E-8DC0-B0DE-3C666B326CA9:3138:0055,1681965822,5046452,True,-39,2023-04-20 11:43:42+07:00
E0702891-AE8E-8DC0-B0DE-3C666B326CA9:3138:0055,1681965935,5046452,True,-39,2023-04-20 11:45:35+07:00
E0702891-AE8E-8DC0-B0DE-3C666B326CA9:3138:0055,1681966056,5046452,True,-34,2023-04-20 11:47:36+07:00
E0702891-AE8E-8DC0-B0DE-3C666B326CA9:3138:0055,1681966176,5046452,True,-38,2023-04-20 11:49:36+07:00
E0702891-AE8E-8DC0-B0DE-3C666B326CA9:3138:0055,1681966295,5046452,True,-34,2023-04-20 11:51:35+07:00
E0702891-AE8E-8DC0-B0DE-3C666B326CA9:3138:0055,1681966418,5046452,True,-34,2023-04-20 11:53:38+07:00
E0702891-AE8E-8DC0-B0DE-3C666B326CA9:3138:0055,1681966547,5046452,True,-35,2023-04-20 11:55:47+07:00
E0702891-AE8E-8DC0-B0DE-3C666B326CA9:3138:0055,1681966658,5046452,True,-39,2023-04-20 11:57:38+07:00
E0702891-AE8E-8DC0-B0DE-3C666B326CA9:3138:0055,1681966836,5046452,True,-34,2023-04-20 12:00:36+07:00
E0702891-AE8E-8DC0-B0DE-3C666B326CA9:3138:0055,1681966913,5046452,True,-38,2023-04-20 12:01:53+07:00
E0702891-AE8E-8DC0-B0DE-3C666B326CA9:3138:0055,1681967032,5046452,True,-37,2023-04-20 12:03:52+07:00
E0702891-AE8E-8DC0-B0DE-3C666B326CA9:3138:0055,1681967154,5046452,True,-34,2023-04-20 12:05:54+07:00
E0702891-AE8E-8DC0-B0DE-3C666B326CA9:3138:0055,1681967328,5046452,False,,2023-04-20 12:08:48+07:00
E0702891-AE8E-8DC0-B0DE-3C666B326CA9:3138:0055,1681967404,5046452,False,,2023-04-20 12:10:04+07:00
E0702891-AE8E-8DC0-B0DE-3C666B326CA9:3138:0055,1681967521,5046452,False,,2023-04-20 12:12:01+07:00
E0702891-AE8E-8DC0-B0DE-3C666B326CA9:3138:0055,1681967647,5046452,False,,2023-04-20 12:14:07+07:00
E0702891-AE8E-8DC0-B0DE-3C666B326CA9:3138:0055,1681967770,5046452,False,,2023-04-20 12:16:10+07:00
E0702891-AE8E-8DC0-B0DE-3C666B326CA9:3138:0055,1681967899,5046452,False,,2023-04-20 12:18:19+07:00
E0702891-AE8E-8DC0-B0DE-3C666B326CA9:3138:0055,1681968005,5046452,False,,2023-04-20 12:20:05+07:00
E0702891-AE8E-8DC0-B0DE-3C666B326CA9:3138:0055,1681968132,5046452,False,,2023-04-20 12:22:12+07:00
E0702891-AE8E-8DC0-B0DE-3C666B326CA9:3138:0055,1681968254,5046452,False,,2023-04-20 12:24:14+07:00
E0702891-AE8E-8DC0-B0DE-3C666B326CA9:3138:0055,1681968370,5046452,False,,2023-04-20 12:26:10+07:00
E0702891-AE8E-8DC0-B0DE-3C666B326CA9:3138:0055,1681968488,5046452,False,,2023-04-20 12:28:08+07:00
E0702891-AE8E-8DC0-B0DE-3C666B326CA9:3138:0055,1681968610,5046452,False,,2023-04-20 12:30:10+07:00
E0702891-AE8E-8DC0-B0DE-3C666B326CA9:3138:0055,1681968730,5046452,False,,2023-04-20 12:32:10+07:00
E0702891-AE8E-8DC0-B0DE-3C666B326CA9:3138:0055,1681968863,5046452,False,,2023-04-20 12:34:23+07:00
E0702891-AE8E-8DC0-B0DE-3C666B326CA9:3138:0055,1681968978,5046452,False,,2023-04-20 12:36:18+07:00
E0702891-AE8E-8DC0-B0DE-3C666B326CA9:3138:0055,1681969095,5046452,False,,2023-04-20 12:38:15+07:00
E0702891-AE8E-8DC0-B0DE-3C666B326CA9:3138:0055,1681969220,5046452,False,,2023-04-20 12:40:20+07:00
E0702891-AE8E-8DC0-B0DE-3C666B326CA9:3138:0055,1681969338,5046452,False,,2023-04-20 12:42:18+07:00
E0702891-AE8E-8DC0-B0DE-3C666B326CA9:3138:0055,1681969458,5046452,False,,2023-04-20 12:44:18+07:00
E0702891-AE8E-8DC0-B0DE-3C666B326CA9:3138:0055,1681969588,5046452,False,,2023-04-20 12:46:28+07:00
E0702891-AE8E-8DC0-B0DE-3C666B326CA9:3138:0055,1681969752,5046452,False,,2023-04-20 12:49:12+07:00
E0702891-AE8E-8DC0-B0DE-3C666B326CA9:3138:0055,1681969855,5046452,False,,2023-04-20 12:50:55+07:00
E0702891-AE8E-8DC0-B0DE-3C666B326CA9:3138:0055,1681969954,5046452,False,,2023-04-20 12:52:34+07:00
E0702891-AE8E-8DC0-B0DE-3C666B326CA9:3138:0055,1681970082,5046452,False,,2023-04-20 12:54:42+07:00
E0702891-AE8E-8DC0-B0DE-3C666B326CA9:3138:0055,1681970198,5046452,False,,2023-04-20 12:56:38+07:00
E0702891-AE8E-8DC0-B0DE-3C666B326CA9:3138:0055,1681970321,5046452,False,,2023-04-20 12:58:41+07:00
E0702891-AE8E-8DC0-B0DE-3C666B326CA9:3138:0055,1681970438,5046452,False,,2023-04-20 13:00:38+07:00
E0702891-AE8E-8DC0-B0DE-3C666B326CA9:3138:0055,1681970573,5046452,False,,2023-04-20 13:02:53+07:00
E0702891-AE8E-8DC0-B0DE-3C666B326CA9:3138:0055,1681970689,5046452,False,,2023-04-20 13:04:49+07:00
E0702891-AE8E-8DC0-B0DE-3C666B326CA9:3138:0055,1681970811,5046452,False,,2023-04-20 13:06:51+07:00
E0702891-AE8E-8DC0-B0DE-3C666B326CA9:3138:0055,1681970943,5046452,False,,2023-04-20 13:09:03+07:00
E0702891-AE8E-8DC0-B0DE-3C666B326CA9:3138:0055,1681971053,5046452,False,,2023-04-20 13:10:53+07:00
E0702891-AE8E-8DC0-B0DE-3C666B326CA9:3138:0055,1681971171,5046452,True,-59,2023-04-20 13:12:51+07:00
E0702891-AE8E-8DC0-B0DE-3C666B326CA9:3138:0055,1681971289,5046452,True,-67,2023-04-20 13:14:49+07:00
E0702891-AE8E-8DC0-B0DE-3C666B326CA9:3138:0055,1681971423,5046452,True,-44,2023-04-20 13:17:03+07:00
E0702891-AE8E-8DC0-B0DE-3C666B326CA9:3138:0055,1681971533,5046452,True,-44,2023-04-20 13:18:53+07:00
E0702891-AE8E-8DC0-B0DE-3C666B326CA9:3138:0055,1681971668,5046452,True,-45,2023-04-20 13:21:08+07:00
E0702891-AE8E-8DC0-B0DE-3C666B326CA9:3138:0055,1681971797,5046452,True,-41,2023-04-20 13:23:17+07:00
E0702891-AE8E-8DC0-B0DE-3C666B326CA9:3138:0055,1681971902,5046452,True,-41,2023-04-20 13:25:02+07:00
E0702891-AE8E-8DC0-B0DE-3C666B326CA9:3138:0055,1681972078,5046452,True,-39,2023-04-20 13:27:58+07:00
E0702891-AE8E-8DC0-B0DE-3C666B326CA9:3138:0055,1681972165,5046452,True,-40,2023-04-20 13:29:25+07:00
E0702891-AE8E-8DC0-B0DE-3C666B326CA9:3138:0055,1681972294,5046452,True,-45,2023-04-20 13:31:34+07:00
E0702891-AE8E-8DC0-B0DE-3C666B326CA9:3138:0055,1681972428,5046452,True,-41,2023-04-20 13:33:48+07:00
E0702891-AE8E-8DC0-B0DE-3C666B326CA9:3138:0055,1681972527,5046452,True,-42,2023-04-20 13:35:27+07:00
E0702891-AE8E-8DC0-B0DE-3C666B326CA9:3138:0055,1681972704,5046452,True,-43,2023-04-20 13:38:24+07:00
E0702891-AE8E-8DC0-B0DE-3C666B326CA9:3138:0055,1681972786,5046452,True,-39,2023-04-20 13:39:46+07:00
E0702891-AE8E-8DC0-B0DE-3C666B326CA9:3138:0055,1681972907,5046452,True,-39,2023-04-20 13:41:47+07:00
E0702891-AE8E-8DC0-B0DE-3C666B326CA9:3138:0055,1681973021,5046452,True,-44,2023-04-20 13:43:41+07:00
E0702891-AE8E-8DC0-B0DE-3C666B326CA9:3138:0055,1681973145,5046452,True,-43,2023-04-20 13:45:45+07:00
E0702891-AE8E-8DC0-B0DE-3C666B326CA9:3138:0055,1681973261,5046452,True,-45,2023-04-20 13:47:41+07:00
E0702891-AE8E-8DC0-B0DE-3C666B326CA9:3138:0055,1681973382,5046452,True,-43,2023-04-20 13:49:42+07:00
E0702891-AE8E-8DC0-B0DE-3C666B326CA9:3138:0055,1681973516,5046452,True,-39,2023-04-20 13:51:56+07:00
E0702891-AE8E-8DC0-B0DE-3C666B326CA9:3138:0055,1681973631,5046452,True,-45,2023-04-20 13:53:51+07:00
E0702891-AE8E-8DC0-B0DE-3C666B326CA9:3138:0055,1681973758,5046452,True,-45,2023-04-20 13:55:58+07:00
E0702891-AE8E-8DC0-B0DE-3C666B326CA9:3138:0055,1681973887,5046452,True,-45,2023-04-20 13:58:07+07:00
E0702891-AE8E-8DC0-B0DE-3C666B326CA9:3138:0055,1681973993,5046452,True,-41,2023-04-20 13:59:53+07:00
E0702891-AE8E-8DC0-B0DE-3C666B326CA9:3138:0055,1681974115,5046452,True,-43,2023-04-20 14:01:55+07:00
E0702891-AE8E-8DC0-B0DE-3C666B326CA9:3138:0055,1681974235,5046452,True,-44,2023-04-20 14:03:55+07:00
E0702891-AE8E-8DC0-B0DE-3C666B326CA9:3138:0055,1681974357,5046452,True,-42,2023-04-20 14:05:57+07:00
E0702891-AE8E-8DC0-B0DE-3C666B326CA9:3138:0055,1681974476,5046452,True,-44,2023-04-20 14:07:56+07:00
E0702891-AE8E-8DC0-B0DE-3C666B326CA9:3138:0055,1681974595,5046452,True,-45,2023-04-20 14:09:55+07:00
E0702891-AE8E-8DC0-B0DE-3C666B326CA9:3138:0055,1681974717,5046452,True,-41,2023-04-20 14:11:57+07:00
E0702891-AE8E-8DC0-B0DE-3C666B326CA9:3138:0055,1681974846,5046452,True,-44,2023-04-20 14:14:06+07:00
E0702891-AE8E-8DC0-B0DE-3C666B326CA9:3138:0055,1681974969,5046452,True,-39,2023-04-20 14:16:09+07:00
E0702891-AE8E-8DC0-B0DE-3C666B326CA9:3138:0055,1681975098,5046452,True,-44,2023-04-20 14:18:18+07:00
E0702891-AE8E-8DC0-B0DE-3C666B326CA9:3138:0055,1681975204,5046452,True,-39,2023-04-20 14:20:04+07:00
E0702891-AE8E-8DC0-B0DE-3C666B326CA9:3138:0055,1681975338,5046452,True,-40,2023-04-20 14:22:18+07:00
E0702891-AE8E-8DC0-B0DE-3C666B326CA9:3138:0055,1681975453,5046452,True,-44,2023-04-20 14:24:13+07:00
E0702891-AE8E-8DC0-B0DE-3C666B326CA9:3138:0055,1681975569,5046452,True,-40,2023-04-20 14:26:09+07:00
E0702891-AE8E-8DC0-B0DE-3C666B326CA9:3138:0055,1681975691,5046452,True,-43,2023-04-20 14:28:11+07:00
E0702891-AE8E-8DC0-B0DE-3C666B326CA9:3138:0055,1681975837,5046452,True,-43,2023-04-20 14:30:37+07:00
E0702891-AE8E-8DC0-B0DE-3C666B326CA9:3138:0055,1681975934,5046452,True,-43,2023-04-20 14:32:14+07:00
E0702891-AE8E-8DC0-B0DE-3C666B326CA9:3138:0055,1681976072,5046452,True,-41,2023-04-20 14:34:32+07:00
E0702891-AE8E-8DC0-B0DE-3C666B326CA9:3138:0055,1681976180,5046452,True,-44,2023-04-20 14:36:20+07:00
E0702891-AE8E-8DC0-B0DE-3C666B326CA9:3138:0055,1681976313,5046452,True,-41,2023-04-20 14:38:33+07:00
E0702891-AE8E-8DC0-B0DE-3C666B326CA9:3138:0055,1681976472,5046452,True,-41,2023-04-20 14:41:12+07:00
E0702891-AE8E-8DC0-B0DE-3C666B326CA9:3138:0055,1681976553,5046452,True,-42,2023-04-20 14:42:33+07:00
E0702891-AE8E-8DC0-B0DE-3C666B326CA9:3138:0055,1681976674,5046452,True,-43,2023-04-20 14:44:34+07:00
E0702891-AE8E-8DC0-B0DE-3C666B326CA9:3138:0055,1681976813,5046452,True,-44,2023-04-20 14:46:53+07:00
E0702891-AE8E-8DC0-B0DE-3C666B326CA9:3138:0055,1681976924,5046452,True,-41,2023-04-20 14:48:44+07:00
E0702891-AE8E-8DC0-B0DE-3C666B326CA9:3138:0055,1681977057,5046452,True,-41,2023-04-20 14:50:57+07:00
E0702891-AE8E-8DC0-B0DE-3C666B326CA9:3138:0055,1681977165,5046452,True,-44,2023-04-20 14:52:45+07:00
E0702891-AE8E-8DC0-B0DE-3C666B326CA9:3138:0055,1681977295,5046452,True,-38,2023-04-20 14:54:55+07:00
E0702891-AE8E-8DC0-B0DE-3C666B326CA9:3138:0055,1681977413,5046452,True,-42,2023-04-20 14:56:53+07:00
E0702891-AE8E-8DC0-B0DE-3C666B326CA9:3138:0055,1681977527,5046452,True,-46,2023-04-20 14:58:47+07:00
E0702891-AE8E-8DC0-B0DE-3C666B326CA9:3138:0055,1681977655,5046452,True,-45,2023-04-20 15:00:55+07:00
E0702891-AE8E-8DC0-B0DE-3C666B326CA9:3138:0055,1681977770,5046452,True,-42,2023-04-20 15:02:50+07:00
E0702891-AE8E-8DC0-B0DE-3C666B326CA9:3138:0055,1681977926,5046452,True,-44,2023-04-20 15:05:26+07:00
E0702891-AE8E-8DC0-B0DE-3C666B326CA9:3138:0055,1681978029,5046452,True,-44,2023-04-20 15:07:09+07:00
E0702891-AE8E-8DC0-B0DE-3C666B326CA9:3138:0055,1681978142,5046452,True,-45,2023-04-20 15:09:02+07:00
E0702891-AE8E-8DC0-B0DE-3C666B326CA9:3138:0055,1681978268,5046452,True,-43,2023-04-20 15:11:08+07:00
E0702891-AE8E-8DC0-B0DE-3C666B326CA9:3138:0055,1681978440,5046452,True,-42,2023-04-20 15:14:00+07:00
E0702891-AE8E-8DC0-B0DE-3C666B326CA9:3138:0055,1681978514,5046452,True,-45,2023-04-20 15:15:14+07:00
E0702891-AE8E-8DC0-B0DE-3C666B326CA9:3138:0055,1681978639,5046452,True,-45,2023-04-20 15:17:19+07:00
E0702891-AE8E-8DC0-B0DE-3C666B326CA9:3138:0055,1681978756,5046452,True,-43,2023-04-20 15:19:16+07:00
E0702891-AE8E-8DC0-B0DE-3C666B326CA9:3138:0055,1681978891,5046452,True,-42,2023-04-20 15:21:31+07:00
E0702891-AE8E-8DC0-B0DE-3C666B326CA9:3138:0055,1681979006,5046452,True,-42,2023-04-20 15:23:26+07:00
E0702891-AE8E-8DC0-B0DE-3C666B326CA9:3138:0055,1681979121,5046452,True,-42,2023-04-20 15:25:21+07:00
E0702891-AE8E-8DC0-B0DE-3C666B326CA9:3138:0055,1681979249,5046452,True,-42,2023-04-20 15:27:29+07:00
E0702891-AE8E-8DC0-B0DE-3C666B326CA9:3138:0055,1681979371,5046452,True,-41,2023-04-20 15:29:31+07:00
E0702891-AE8E-8DC0-B0DE-3C666B326CA9:3138:0055,1681979504,5046452,True,-43,2023-04-20 15:31:44+07:00
E0702891-AE8E-8DC0-B0DE-3C666B326CA9:3138:0055,1681979641,5046452,True,-51,2023-04-20 15:34:01+07:00
E0702891-AE8E-8DC0-B0DE-3C666B326CA9:3138:0055,1681979745,5046452,True,-51,2023-04-20 15:35:45+07:00
E0702891-AE8E-8DC0-B0DE-3C666B326CA9:3138:0055,1681979871,5046452,True,-65,2023-04-20 15:37:51+07:00
E0702891-AE8E-8DC0-B0DE-3C666B326CA9:3138:0055,1681979981,5046452,True,-52,2023-04-20 15:39:41+07:00
E0702891-AE8E-8DC0-B0DE-3C666B326CA9:3138:0055,1681980112,5046452,True,-52,2023-04-20 15:41:52+07:00
E0702891-AE8E-8DC0-B0DE-3C666B326CA9:3138:0055,1681980225,5046452,True,-61,2023-04-20 15:43:45+07:00
E0702891-AE8E-8DC0-B0DE-3C666B326CA9:3138:0055,1681980362,5046452,True,-61,2023-04-20 15:46:02+07:00
E0702891-AE8E-8DC0-B0DE-3C666B326CA9:3138:0055,1681980480,5046452,False,,2023-04-20 15:48:00+07:00
E0702891-AE8E-8DC0-B0DE-3C666B326CA9:3138:0055,1681980632,5046452,False,,2023-04-20 15:50:32+07:00
E0702891-AE8E-8DC0-B0DE-3C666B326CA9:3138:0055,1681980777,5046452,False,,2023-04-20 15:52:57+07:00
E0702891-AE8E-8DC0-B0DE-3C666B326CA9:3138:0055,1681980870,5046452,True,-33,2023-04-20 15:54:30+07:00
E0702891-AE8E-8DC0-B0DE-3C666B326CA9:3138:0055,1681980976,5046452,True,-32,2023-04-20 15:56:16+07:00
E0702891-AE8E-8DC0-B0DE-3C666B326CA9:3138:0055,1681981098,5046452,True,-42,2023-04-20 15:58:18+07:00
E0702891-AE8E-8DC0-B0DE-3C666B326CA9:3138:0055,1681981241,5046452,True,-42,2023-04-20 16:00:41+07:00
E0702891-AE8E-8DC0-B0DE-3C666B326CA9:3138:0055,1681981361,5046452,True,-33,2023-04-20 16:02:41+07:00
E0702891-AE8E-8DC0-B0DE-3C666B326CA9:3138:0055,1681981472,5046452,True,-49,2023-04-20 16:04:32+07:00
E0702891-AE8E-8DC0-B0DE-3C666B326CA9:3138:0055,1681981593,5046452,True,-55,2023-04-20 16:06:33+07:00
E0702891-AE8E-8DC0-B0DE-3C666B326CA9:3138:0055,1681981712,5046452,False,,2023-04-20 16:08:32+07:00
E0702891-AE8E-8DC0-B0DE-3C666B326CA9:3138:0055,1681981835,5046452,True,-28,2023-04-20 16:10:35+07:00
E0702891-AE8E-8DC0-B0DE-3C666B326CA9:3138:0055,1681981948,5046452,True,-23,2023-04-20 16:12:28+07:00
E0702891-AE8E-8DC0-B0DE-3C666B326CA9:3138:0055,1681982075,5046452,True,-28,2023-04-20 16:14:35+07:00
E0702891-AE8E-8DC0-B0DE-3C666B326CA9:3138:0055,1681982193,5046452,True,-23,2023-04-20 16:16:33+07:00
E0702891-AE8E-8DC0-B0DE-3C666B326CA9:3138:0055,1681982321,5046452,True,-28,2023-04-20 16:18:41+07:00
E0702891-AE8E-8DC0-B0DE-3C666B326CA9:3138:0055,1681982434,5046452,True,-23,2023-04-20 16:20:34+07:00
E0702891-AE8E-8DC0-B0DE-3C666B326CA9:3138:0055,1681982556,5046452,True,-24,2023-04-20 16:22:36+07:00
E0702891-AE8E-8DC0-B0DE-3C666B326CA9:3138:0055,1681982681,5046452,True,-28,2023-04-20 16:24:41+07:00
E0702891-AE8E-8DC0-B0DE-3C666B326CA9:3138:0055,1681982854,5046452,True,-23,2023-04-20 16:27:34+07:00
E0702891-AE8E-8DC0-B0DE-3C666B326CA9:3138:0055,1681982928,5046452,True,-23,2023-04-20 16:28:48+07:00
E0702891-AE8E-8DC0-B0DE-3C666B326CA9:3138:0055,1681983048,5046452,True,-28,2023-04-20 16:30:48+07:00
E0702891-AE8E-8DC0-B0DE-3C666B326CA9:3138:0055,1681983196,5046452,True,-23,2023-04-20 16:33:16+07:00
E0702891-AE8E-8DC0-B0DE-3C666B326CA9:3138:0055,1681983314,5046452,True,-23,2023-04-20 16:35:14+07:00
E0702891-AE8E-8DC0-B0DE-3C666B326CA9:3138:0055,1681983477,5046452,True,-23,2023-04-20 16:37:57+07:00
E0702891-AE8E-8DC0-B0DE-3C666B326CA9:3138:0055,1681983552,5046452,True,-24,2023-04-20 16:39:12+07:00
E0702891-AE8E-8DC0-B0DE-3C666B326CA9:3138:0055,1681983670,5046452,True,-28,2023-04-20 16:41:10+07:00
E0702891-AE8E-8DC0-B0DE-3C666B326CA9:3138:0055,1681983790,5046452,True,-24,2023-04-20 16:43:10+07:00
E0702891-AE8E-8DC0-B0DE-3C666B326CA9:3138:0055,1681983910,5046452,True,-23,2023-04-20 16:45:10+07:00
E0702891-AE8E-8DC0-B0DE-3C666B326CA9:3138:0055,1681984089,5046452,True,-23,2023-04-20 16:48:09+07:00
E0702891-AE8E-8DC0-B0DE-3C666B326CA9:3138:0055,1681984169,5046452,True,-22,2023-04-20 16:49:29+07:00
E0702891-AE8E-8DC0-B0DE-3C666B326CA9:3138:0055,1681984288,5046452,True,-24,2023-04-20 16:51:28+07:00
E0702891-AE8E-8DC0-B0DE-3C666B326CA9:3138:0055,1681984406,5046452,True,-24,2023-04-20 16:53:26+07:00
E0702891-AE8E-8DC0-B0DE-3C666B326CA9:3138:0055,1681984527,5046452,True,-28,2023-04-20 16:55:27+07:00
E0702891-AE8E-8DC0-B0DE-3C666B326CA9:3138:0055,1681984650,5046452,True,-27,2023-04-20 16:57:30+07:00
E0702891-AE8E-8DC0-B0DE-3C666B326CA9:3138:0055,1681984779,5046452,True,-28,2023-04-20 16:59:39+07:00
E0702891-AE8E-8DC0-B0DE-3C666B326CA9:3138:0055,1681984890,5046452,True,-23,2023-04-20 17:01:30+07:00
E0702891-AE8E-8DC0-B0DE-3C666B326CA9:3138:0055,1681985012,5046452,True,-23,2023-04-20 17:03:32+07:00
E0702891-AE8E-8DC0-B0DE-3C666B326CA9:3138:0055,1681985132,5046452,True,-24,2023-04-20 17:05:32+07:00
E0702891-AE8E-8DC0-B0DE-3C666B326CA9:3138:0055,1681985263,5046452,True,-24,2023-04-20 17:07:43+07:00
E0702891-AE8E-8DC0-B0DE-3C666B326CA9:3138:0055,1681985378,5046452,False,,2023-04-20 17:09:38+07:00
E0702891-AE8E-8DC0-B0DE-3C666B326CA9:3138:0055,1681985513,5046452,False,,2023-04-20 17:11:53+07:00
E0702891-AE8E-8DC0-B0DE-3C666B326CA9:3138:0055,1681985617,5046452,True,-57,2023-04-20 17:13:37+07:00
E0702891-AE8E-8DC0-B0DE-3C666B326CA9:3138:0055,1681985742,5046452,False,,2023-04-20 17:15:42+07:00
E0702891-AE8E-8DC0-B0DE-3C666B326CA9:3138:0055,1681985859,5046452,True,-36,2023-04-20 17:17:39+07:00
E0702891-AE8E-8DC0-B0DE-3C666B326CA9:3138:0055,1681986003,5046452,True,-36,2023-04-20 17:20:03+07:00
E0702891-AE8E-8DC0-B0DE-3C666B326CA9:3138:0055,1681986122,5046452,False,,2023-04-20 17:22:02+07:00
E0702891-AE8E-8DC0-B0DE-3C666B326CA9:3138:0055,1681986227,5046452,True,-48,2023-04-20 17:23:47+07:00
E0702891-AE8E-8DC0-B0DE-3C666B326CA9:3138:0055,1681986357,5046452,True,-53,2023-04-20 17:25:57+07:00
E0702891-AE8E-8DC0-B0DE-3C666B326CA9:3138:0055,1681986469,5046452,True,-63,2023-04-20 17:27:49+07:00
E0702891-AE8E-8DC0-B0DE-3C666B326CA9:3138:0055,1681986624,5046452,True,-63,2023-04-20 17:30:24+07:00
E0702891-AE8E-8DC0-B0DE-3C666B326CA9:3138:0055,1681986750,5046452,False,,2023-04-20 17:32:30+07:00
E0702891-AE8E-8DC0-B0DE-3C666B326CA9:3138:0055,1681986847,5046452,True,-47,2023-04-20 17:34:07+07:00
E0702891-AE8E-8DC0-B0DE-3C666B326CA9:3138:0055,1681986968,5046452,True,-29,2023-04-20 17:36:08+07:00
E0702891-AE8E-8DC0-B0DE-3C666B326CA9:3138:0055,1681987091,5046452,False,,2023-04-20 17:38:11+07:00
E0702891-AE8E-8DC0-B0DE-3C666B326CA9:3138:0055,1681987210,5046452,False,,2023-04-20 17:40:10+07:00
E0702891-AE8E-8DC0-B0DE-3C666B326CA9:3138:0055,1681987349,5046452,False,,2023-04-20 17:42:29+07:00
E0702891-AE8E-8DC0-B0DE-3C666B326CA9:3138:0055,1681987478,5046452,False,,2023-04-20 17:44:38+07:00
E0702891-AE8E-8DC0-B0DE-3C666B326CA9:3138:0055,1681987609,5046452,False,,2023-04-20 17:46:49+07:00
E0702891-AE8E-8DC0-B0DE-3C666B326CA9:3138:0055,1681987712,5046452,True,-59,2023-04-20 17:48:32+07:00
E0702891-AE8E-8DC0-B0DE-3C666B326CA9:3138:0055,1681987829,5046452,True,-48,2023-04-20 17:50:29+07:00
E0702891-AE8E-8DC0-B0DE-3C666B326CA9:3138:0055,1681987945,5046452,True,-35,2023-04-20 17:52:25+07:00
E0702891-AE8E-8DC0-B0DE-3C666B326CA9:3138:0055,1681988070,5046452,True,-35,2023-04-20 17:54:30+07:00
E0702891-AE8E-8DC0-B0DE-3C666B326CA9:3138:0055,1681988200,5046452,True,-34,2023-04-20 17:56:40+07:00
E0702891-AE8E-8DC0-B0DE-3C666B326CA9:3138:0055,1681988311,5046452,True,-31,2023-04-20 17:58:31+07:00
E0702891-AE8E-8DC0-B0DE-3C666B326CA9:3138:0055,1681988435,5046452,True,-34,2023-04-20 18:00:35+07:00
E0702891-AE8E-8DC0-B0DE-3C666B326CA9:3138:0055,1681988558,5046452,True,-31,2023-04-20 18:02:38+07:00
E0702891-AE8E-8DC0-B0DE-3C666B326CA9:3138:0055,1681988677,5046452,True,-31,2023-04-20 18:04:37+07:00
E0702891-AE8E-8DC0-B0DE-3C666B326CA9:3138:0055,1681988798,5046452,True,-23,2023-04-20 18:06:38+07:00
E0702891-AE8E-8DC0-B0DE-3C666B326CA9:3138:0055,1681988913,5046452,True,-48,2023-04-20 18:08:33+07:00
E0702891-AE8E-8DC0-B0DE-3C666B326CA9:3138:0055,1681989047,5046452,True,-65,2023-04-20 18:10:47+07:00
E0702891-AE8E-8DC0-B0DE-3C666B326CA9:3138:0055,1681989159,5046452,True,-60,2023-04-20 18:12:39+07:00
E0702891-AE8E-8DC0-B0DE-3C666B326CA9:3138:0055,1681989297,5046452,True,-58,2023-04-20 18:14:57+07:00
E0702891-AE8E-8DC0-B0DE-3C666B326CA9:3138:0055,1681989409,5046452,True,-58,2023-04-20 18:16:49+07:00
E0702891-AE8E-8DC0-B0DE-3C666B326CA9:3138:0055,1681989530,5046452,True,-48,2023-04-20 18:18:50+07:00
E0702891-AE8E-8DC0-B0DE-3C666B326CA9:3138:0055,1681989645,5046452,True,-24,2023-04-20 18:20:45+07:00
E0702891-AE8E-8DC0-B0DE-3C666B326CA9:3138:0055,1681989767,5046452,True,-24,2023-04-20 18:22:47+07:00
E0702891-AE8E-8DC0-B0DE-3C666B326CA9:3138:0055,1681989886,5046452,True,-21,2023-04-20 18:24:46+07:00
E0702891-AE8E-8DC0-B0DE-3C666B326CA9:3138:0055,1681990002,5046452,True,-51,2023-04-20 18:26:42+07:00
E0702891-AE8E-8DC0-B0DE-3C666B326CA9:3138:0055,1681990126,5046452,True,-51,2023-04-20 18:28:46+07:00
E0702891-AE8E-8DC0-B0DE-3C666B326CA9:3138:0055,1681990244,5046452,True,-45,2023-04-20 18:30:44+07:00
E0702891-AE8E-8DC0-B0DE-3C666B326CA9:3138:0055,1681990372,5046452,True,-45,2023-04-20 18:32:52+07:00
E0702891-AE8E-8DC0-B0DE-3C666B326CA9:3138:0055,1681990487,5046452,True,-65,2023-04-20 18:34:47+07:00
E0702891-AE8E-8DC0-B0DE-3C666B326CA9:3138:0055,1681990604,5046452,True,-45,2023-04-20 18:36:44+07:00
E0702891-AE8E-8DC0-B0DE-3C666B326CA9:3138:0055,1681990782,5046452,True,-28,2023-04-20 18:39:42+07:00
E0702891-AE8E-8DC0-B0DE-3C666B326CA9:3138:0055,1681990854,5046452,True,-21,2023-04-20 18:40:54+07:00
E0702891-AE8E-8DC0-B0DE-3C666B326CA9:3138:0055,1681990976,5046452,True,-32,2023-04-20 18:42:56+07:00
E0702891-AE8E-8DC0-B0DE-3C666B326CA9:3138:0055,1681991094,5046452,True,-37,2023-04-20 18:44:54+07:00
E0702891-AE8E-8DC0-B0DE-3C666B326CA9:3138:0055,1681991216,5046452,True,-37,2023-04-20 18:46:56+07:00
E0702891-AE8E-8DC0-B0DE-3C666B326CA9:3138:0055,1681991336,5046452,True,-31,2023-04-20 18:48:56+07:00
E0702891-AE8E-8DC0-B0DE-3C666B326CA9:3138:0055,1681991469,5046452,True,-56,2023-04-20 18:51:09+07:00
E0702891-AE8E-8DC0-B0DE-3C666B326CA9:3138:0055,1681991582,5046452,True,-51,2023-04-20 18:53:02+07:00
E0702891-AE8E-8DC0-B0DE-3C666B326CA9:3138:0055,1681991698,5046452,True,-49,2023-04-20 18:54:58+07:00
E0702891-AE8E-8DC0-B0DE-3C666B326CA9:3138:0055,1681991821,5046452,True,-40,2023-04-20 18:57:01+07:00
E0702891-AE8E-8DC0-B0DE-3C666B326CA9:3138:0055,1681991996,5046452,True,-54,2023-04-20 18:59:56+07:00
E0702891-AE8E-8DC0-B0DE-3C666B326CA9:3138:0055,1681992068,5046452,True,-37,2023-04-20 19:01:08+07:00
E0702891-AE8E-8DC0-B0DE-3C666B326CA9:3138:0055,1681992246,5046452,True,-22,2023-04-20 19:04:06+07:00
E0702891-AE8E-8DC0-B0DE-3C666B326CA9:3138:0055,1681992312,5046452,True,-26,2023-04-20 19:05:12+07:00
E0702891-AE8E-8DC0-B0DE-3C666B326CA9:3138:0055,1681992432,5046452,True,-32,2023-04-20 19:07:12+07:00
E0702891-AE8E-8DC0-B0DE-3C666B326CA9:3138:0055,1681992554,5046452,True,-25,2023-04-20 19:09:14+07:00
E0702891-AE8E-8DC0-B0DE-3C666B326CA9:3138:0055,1681992671,5046452,True,-32,2023-04-20 19:11:11+07:00
E0702891-AE8E-8DC0-B0DE-3C666B326CA9:3138:0055,1681992791,5046452,True,-25,2023-04-20 19:13:11+07:00
