"beacon_id","timestamp","device_id","is_present","rssi"
"FFFFFFFF-0D6C-CF10-48B9-55AAB8167ABB:F363:0055","1681878351.001","5046452","false","null"
"FFFFFFFF-0D6C-CF10-48B9-55AAB8167ABB:F363:0055","1681883680.001","5046452","true","'-31"
"FFFFFFFF-0D6C-CF10-48B9-55AAB8167ABB:F363:0055","1681883799.001","5046452","true","'-39"
"FFFFFFFF-0D6C-CF10-48B9-55AAB8167ABB:F363:0055","1681883919.001","5046452","true","'-33"
"FFFFFFFF-0D6C-CF10-48B9-55AAB8167ABB:F363:0055","1681884042.001","5046452","true","'-33"
"FFFFFFFF-0D6C-CF10-48B9-55AAB8167ABB:F363:0055","1681884164.001","5046452","true","'-32"
"FFFFFFFF-0D6C-CF10-48B9-55AAB8167ABB:F363:0055","1681884281.001","5046452","true","'-32"
"FFFFFFFF-0D6C-CF10-48B9-55AAB8167ABB:F363:0055","1681884401.001","5046452","true","'-39"
"FFFFFFFF-0D6C-CF10-48B9-55AAB8167ABB:F363:0055","1681884522.001","5046452","true","'-34"
"FFFFFFFF-0D6C-CF10-48B9-55AAB8167ABB:F363:0055","1681884645.001","5046452","true","'-21"
"FFFFFFFF-0D6C-CF10-48B9-55AAB8167ABB:F363:0055","1681884762.001","5046452","true","'-32"
"FFFFFFFF-0D6C-CF10-48B9-55AAB8167ABB:F363:0055","1681884883.001","5046452","true","'-21"
"FFFFFFFF-0D6C-CF10-48B9-55AAB8167ABB:F363:0055","1681885007.001","5046452","true","'-21"
"FFFFFFFF-0D6C-CF10-48B9-55AAB8167ABB:F363:0055","1681885126.001","5046452","true","'-32"
"FFFFFFFF-0D6C-CF10-48B9-55AAB8167ABB:F363:0055","1681885243.001","5046452","true","'-32"
"FFFFFFFF-0D6C-CF10-48B9-55AAB8167ABB:F363:0055","1681885363.001","5046452","true","'-21"
"FFFFFFFF-0D6C-CF10-48B9-55AAB8167ABB:F363:0055","1681885542.001","5046452","true","'-32"
"FFFFFFFF-0D6C-CF10-48B9-55AAB8167ABB:F363:0055","1681885615.001","5046452","true","'-22"
"FFFFFFFF-0D6C-CF10-48B9-55AAB8167ABB:F363:0055","1681885734.001","5046452","true","'-32"
"FFFFFFFF-0D6C-CF10-48B9-55AAB8167ABB:F363:0055","1681885855.001","5046452","true","'-21"
"FFFFFFFF-0D6C-CF10-48B9-55AAB8167ABB:F363:0055","1681885979.001","5046452","true","'-32"
"FFFFFFFF-0D6C-CF10-48B9-55AAB8167ABB:F363:0055","1681886100.001","5046452","true","'-32"
"FFFFFFFF-0D6C-CF10-48B9-55AAB8167ABB:F363:0055","1681886276.001","5046452","true","'-32"
"FFFFFFFF-0D6C-CF10-48B9-55AAB8167ABB:F363:0055","1681886354.001","5046452","true","'-32"
"FFFFFFFF-0D6C-CF10-48B9-55AAB8167ABB:F363:0055","1681886475.001","5046452","false","null"
"FFFFFFFF-0D6C-CF10-48B9-55AAB8167ABB:F363:0055","1681886593.001","5046452","true","'-21"
"FFFFFFFF-0D6C-CF10-48B9-55AAB8167ABB:F363:0055","1681886714.001","5046452","true","'-21"
"FFFFFFFF-0D6C-CF10-48B9-55AAB8167ABB:F363:0055","1681886834.001","5046452","true","'-32"
"FFFFFFFF-0D6C-CF10-48B9-55AAB8167ABB:F363:0055","1681886952.001","5046452","true","'-21"
"FFFFFFFF-0D6C-CF10-48B9-55AAB8167ABB:F363:0055","1681887084.001","5046452","true","'-32"
"FFFFFFFF-0D6C-CF10-48B9-55AAB8167ABB:F363:0055","1681887196.001","5046452","true","'-22"
"FFFFFFFF-0D6C-CF10-48B9-55AAB8167ABB:F363:0055","1681887317.001","5046452","true","'-22"
"FFFFFFFF-0D6C-CF10-48B9-55AAB8167ABB:F363:0055","1681887443.001","5046452","true","'-32"
"FFFFFFFF-0D6C-CF10-48B9-55AAB8167ABB:F363:0055","1681887555.001","5046452","true","'-21"
"FFFFFFFF-0D6C-CF10-48B9-55AAB8167ABB:F363:0055","1681887675.001","5046452","true","'-22"
"FFFFFFFF-0D6C-CF10-48B9-55AAB8167ABB:F363:0055","1681887798.001","5046452","true","'-32"
"FFFFFFFF-0D6C-CF10-48B9-55AAB8167ABB:F363:0055","1681887916.001","5046452","true","'-23"
"FFFFFFFF-0D6C-CF10-48B9-55AAB8167ABB:F363:0055","1681888039.001","5046452","true","'-33"
"FFFFFFFF-0D6C-CF10-48B9-55AAB8167ABB:F363:0055","1681888157.001","5046452","true","'-22"
"FFFFFFFF-0D6C-CF10-48B9-55AAB8167ABB:F363:0055","1681888336.001","5046452","true","'-22"
"FFFFFFFF-0D6C-CF10-48B9-55AAB8167ABB:F363:0055","1681888411.001","5046452","true","'-32"
"FFFFFFFF-0D6C-CF10-48B9-55AAB8167ABB:F363:0055","1681888540.001","5046452","true","'-32"
"FFFFFFFF-0D6C-CF10-48B9-55AAB8167ABB:F363:0055","1681888654.001","5046452","false","null"
"FFFFFFFF-0D6C-CF10-48B9-55AAB8167ABB:F363:0055","1681888773.001","5046452","false","null"
"FFFFFFFF-0D6C-CF10-48B9-55AAB8167ABB:F363:0055","1681888950.001","5046452","true","'-32"
"FFFFFFFF-0D6C-CF10-48B9-55AAB8167ABB:F363:0055","1681889027.001","5046452","true","'-21"
"FFFFFFFF-0D6C-CF10-48B9-55AAB8167ABB:F363:0055","1681889143.001","5046452","true","'-32"
"FFFFFFFF-0D6C-CF10-48B9-55AAB8167ABB:F363:0055","1681889264.001","5046452","true","'-32"
"FFFFFFFF-0D6C-CF10-48B9-55AAB8167ABB:F363:0055","1681889442.001","5046452","true","'-32"
"FFFFFFFF-0D6C-CF10-48B9-55AAB8167ABB:F363:0055","1681889523.001","5046452","true","'-23"
"FFFFFFFF-0D6C-CF10-48B9-55AAB8167ABB:F363:0055","1681889639.001","5046452","true","'-23"
"FFFFFFFF-0D6C-CF10-48B9-55AAB8167ABB:F363:0055","1681889757.001","5046452","true","'-23"
"FFFFFFFF-0D6C-CF10-48B9-55AAB8167ABB:F363:0055","1681889879.001","5046452","true","'-32"
"FFFFFFFF-0D6C-CF10-48B9-55AAB8167ABB:F363:0055","1681890000.001","5046452","true","'-32"
"FFFFFFFF-0D6C-CF10-48B9-55AAB8167ABB:F363:0055","1681890121.001","5046452","false","null"
"FFFFFFFF-0D6C-CF10-48B9-55AAB8167ABB:F363:0055","1681890297.001","5046452","true","'-23"
"FFFFFFFF-0D6C-CF10-48B9-55AAB8167ABB:F363:0055","1681890372.001","5046452","true","'-31"
"FFFFFFFF-0D6C-CF10-48B9-55AAB8167ABB:F363:0055","1681890494.001","5046452","true","'-31"
"FFFFFFFF-0D6C-CF10-48B9-55AAB8167ABB:F363:0055","1681890613.001","5046452","false","null"
"FFFFFFFF-0D6C-CF10-48B9-55AAB8167ABB:F363:0055","1681890737.001","5046452","true","'-22"
"FFFFFFFF-0D6C-CF10-48B9-55AAB8167ABB:F363:0055","1681890855.001","5046452","true","'-31"
"FFFFFFFF-0D6C-CF10-48B9-55AAB8167ABB:F363:0055","1681890976.001","5046452","true","'-31"
"FFFFFFFF-0D6C-CF10-48B9-55AAB8167ABB:F363:0055","1681891094.001","5046452","true","'-23"
"FFFFFFFF-0D6C-CF10-48B9-55AAB8167ABB:F363:0055","1681891214.001","5046452","true","'-31"
"FFFFFFFF-0D6C-CF10-48B9-55AAB8167ABB:F363:0055","1681891340.001","5046452","true","'-21"
"FFFFFFFF-0D6C-CF10-48B9-55AAB8167ABB:F363:0055","1681891468.001","5046452","true","'-21"
"FFFFFFFF-0D6C-CF10-48B9-55AAB8167ABB:F363:0055","1681891635.001","5046452","true","'-23"
"FFFFFFFF-0D6C-CF10-48B9-55AAB8167ABB:F363:0055","1681891766.001","5046452","true","'-21"
"FFFFFFFF-0D6C-CF10-48B9-55AAB8167ABB:F363:0055","1681891898.001","5046452","true","'-21"
"FFFFFFFF-0D6C-CF10-48B9-55AAB8167ABB:F363:0055","1681891976.001","5046452","true","'-31"
"FFFFFFFF-0D6C-CF10-48B9-55AAB8167ABB:F363:0055","1681892093.001","5046452","true","'-31"
"FFFFFFFF-0D6C-CF10-48B9-55AAB8167ABB:F363:0055","1681892223.001","5046452","true","'-22"
"FFFFFFFF-0D6C-CF10-48B9-55AAB8167ABB:F363:0055","1681892333.001","5046452","true","'-22"
"FFFFFFFF-0D6C-CF10-48B9-55AAB8167ABB:F363:0055","1681892453.001","5046452","true","'-23"
"FFFFFFFF-0D6C-CF10-48B9-55AAB8167ABB:F363:0055","1681892631.001","5046452","true","'-31"
"FFFFFFFF-0D6C-CF10-48B9-55AAB8167ABB:F363:0055","1681892705.001","5046452","true","'-32"
"FFFFFFFF-0D6C-CF10-48B9-55AAB8167ABB:F363:0055","1681892827.001","5046452","true","'-31"
"FFFFFFFF-0D6C-CF10-48B9-55AAB8167ABB:F363:0055","1681892945.001","5046452","true","'-22"
"FFFFFFFF-0D6C-CF10-48B9-55AAB8167ABB:F363:0055","1681893067.001","5046452","true","'-32"
"FFFFFFFF-0D6C-CF10-48B9-55AAB8167ABB:F363:0055","1681893189.001","5046452","true","'-32"
"FFFFFFFF-0D6C-CF10-48B9-55AAB8167ABB:F363:0055","1681893307.001","5046452","true","'-21"
"FFFFFFFF-0D6C-CF10-48B9-55AAB8167ABB:F363:0055","1681893441.001","5046452","true","'-32"
"FFFFFFFF-0D6C-CF10-48B9-55AAB8167ABB:F363:0055","1681893607.001","5046452","true","'-32"
"FFFFFFFF-0D6C-CF10-48B9-55AAB8167ABB:F363:0055","1681893679.001","5046452","true","'-22"
"FFFFFFFF-0D6C-CF10-48B9-55AAB8167ABB:F363:0055","1681893800.001","5046452","true","'-32"
"FFFFFFFF-0D6C-CF10-48B9-55AAB8167ABB:F363:0055","1681893920.001","5046452","true","'-21"
"FFFFFFFF-0D6C-CF10-48B9-55AAB8167ABB:F363:0055","1681894041.001","5046452","true","'-22"
"FFFFFFFF-0D6C-CF10-48B9-55AAB8167ABB:F363:0055","1681894161.001","5046452","true","'-32"
"FFFFFFFF-0D6C-CF10-48B9-55AAB8167ABB:F363:0055","1681894290.001","5046452","true","'-33"
"FFFFFFFF-0D6C-CF10-48B9-55AAB8167ABB:F363:0055","1681894408.001","5046452","true","'-21"
"FFFFFFFF-0D6C-CF10-48B9-55AAB8167ABB:F363:0055","1681894582.001","5046452","true","'-33"
"FFFFFFFF-0D6C-CF10-48B9-55AAB8167ABB:F363:0055","1681894664.001","5046452","true","'-33"
"FFFFFFFF-0D6C-CF10-48B9-55AAB8167ABB:F363:0055","1681894779.001","5046452","true","'-21"
"FFFFFFFF-0D6C-CF10-48B9-55AAB8167ABB:F363:0055","1681894905.001","5046452","true","'-22"
"FFFFFFFF-0D6C-CF10-48B9-55AAB8167ABB:F363:0055","1681895019.001","5046452","true","'-21"
"FFFFFFFF-0D6C-CF10-48B9-55AAB8167ABB:F363:0055","1681895145.001","5046452","true","'-21"
"FFFFFFFF-0D6C-CF10-48B9-55AAB8167ABB:F363:0055","1681895261.001","5046452","true","'-33"
"FFFFFFFF-0D6C-CF10-48B9-55AAB8167ABB:F363:0055","1681895382.001","5046452","true","'-21"
"FFFFFFFF-0D6C-CF10-48B9-55AAB8167ABB:F363:0055","1681895559.001","5046452","true","'-33"
"FFFFFFFF-0D6C-CF10-48B9-55AAB8167ABB:F363:0055","1681895634.001","5046452","true","'-33"
"FFFFFFFF-0D6C-CF10-48B9-55AAB8167ABB:F363:0055","1681895754.001","5046452","true","'-23"
"FFFFFFFF-0D6C-CF10-48B9-55AAB8167ABB:F363:0055","1681896509.001","5046452","true","'-29"
"FFFFFFFF-0D6C-CF10-48B9-55AAB8167ABB:F363:0055","1681896633.001","5046452","true","'-29"
"FFFFFFFF-0D6C-CF10-48B9-55AAB8167ABB:F363:0055","1681896758.001","5046452","true","'-34"
"FFFFFFFF-0D6C-CF10-48B9-55AAB8167ABB:F363:0055","1681896883.001","5046452","true","'-34"
"FFFFFFFF-0D6C-CF10-48B9-55AAB8167ABB:F363:0055","1681896997.001","5046452","true","'-28"
"FFFFFFFF-0D6C-CF10-48B9-55AAB8167ABB:F363:0055","1681897123.001","5046452","true","'-33"
"FFFFFFFF-0D6C-CF10-48B9-55AAB8167ABB:F363:0055","1681897234.001","5046452","true","'-28"
"FFFFFFFF-0D6C-CF10-48B9-55AAB8167ABB:F363:0055","1681897360.001","5046452","true","'-28"
"FFFFFFFF-0D6C-CF10-48B9-55AAB8167ABB:F363:0055","1681897483.001","5046452","true","'-28"
"FFFFFFFF-0D6C-CF10-48B9-55AAB8167ABB:F363:0055","1681897613.001","5046452","true","'-29"
"FFFFFFFF-0D6C-CF10-48B9-55AAB8167ABB:F363:0055","1681897719.001","5046452","true","'-29"
"FFFFFFFF-0D6C-CF10-48B9-55AAB8167ABB:F363:0055","1681897837.001","5046452","true","'-33"
"FFFFFFFF-0D6C-CF10-48B9-55AAB8167ABB:F363:0055","1681897960.001","5046452","true","'-33"
"FFFFFFFF-0D6C-CF10-48B9-55AAB8167ABB:F363:0055","1681898079.001","5046452","true","'-28"
"FFFFFFFF-0D6C-CF10-48B9-55AAB8167ABB:F363:0055","1681898197.001","5046452","true","'-28"
"FFFFFFFF-0D6C-CF10-48B9-55AAB8167ABB:F363:0055","1681898318.001","5046452","false","null"
"FFFFFFFF-0D6C-CF10-48B9-55AAB8167ABB:F363:0055","1681898439.001","5046452","true","'-27"
"FFFFFFFF-0D6C-CF10-48B9-55AAB8167ABB:F363:0055","1681898615.001","5046452","true","'-32"
"FFFFFFFF-0D6C-CF10-48B9-55AAB8167ABB:F363:0055","1681898683.001","5046452","true","'-32"
"FFFFFFFF-0D6C-CF10-48B9-55AAB8167ABB:F363:0055","1681898805.001","5046452","false","null"
"FFFFFFFF-0D6C-CF10-48B9-55AAB8167ABB:F363:0055","1681898923.001","5046452","true","'-30"
"FFFFFFFF-0D6C-CF10-48B9-55AAB8167ABB:F363:0055","1681899044.001","5046452","true","'-28"
"FFFFFFFF-0D6C-CF10-48B9-55AAB8167ABB:F363:0055","1681899167.001","5046452","true","'-31"
"FFFFFFFF-0D6C-CF10-48B9-55AAB8167ABB:F363:0055","1681899287.001","5046452","true","'-28"
"FFFFFFFF-0D6C-CF10-48B9-55AAB8167ABB:F363:0055","1681899405.001","5046452","true","'-29"
"FFFFFFFF-0D6C-CF10-48B9-55AAB8167ABB:F363:0055","1681899526.001","5046452","true","'-46"
"FFFFFFFF-0D6C-CF10-48B9-55AAB8167ABB:F363:0055","1681899647.001","5046452","true","'-57"
"FFFFFFFF-0D6C-CF10-48B9-55AAB8167ABB:F363:0055","1681899767.001","5046452","true","'-27"
"FFFFFFFF-0D6C-CF10-48B9-55AAB8167ABB:F363:0055","1681899885.001","5046452","true","'-22"
"FFFFFFFF-0D6C-CF10-48B9-55AAB8167ABB:F363:0055","1681900009.001","5046452","true","'-46"
"FFFFFFFF-0D6C-CF10-48B9-55AAB8167ABB:F363:0055","1681900130.001","5046452","true","'-46"
"FFFFFFFF-0D6C-CF10-48B9-55AAB8167ABB:F363:0055","1681900251.001","5046452","true","'-47"
"FFFFFFFF-0D6C-CF10-48B9-55AAB8167ABB:F363:0055","1681900373.001","5046452","true","'-47"
"FFFFFFFF-0D6C-CF10-48B9-55AAB8167ABB:F363:0055","1681900493.001","5046452","true","'-39"
"FFFFFFFF-0D6C-CF10-48B9-55AAB8167ABB:F363:0055","1681900609.001","5046452","true","'-47"
"FFFFFFFF-0D6C-CF10-48B9-55AAB8167ABB:F363:0055","1681900730.001","5046452","true","'-39"
"FFFFFFFF-0D6C-CF10-48B9-55AAB8167ABB:F363:0055","1681900852.001","5046452","true","'-39"
"FFFFFFFF-0D6C-CF10-48B9-55AAB8167ABB:F363:0055","1681900970.001","5046452","true","'-41"
"FFFFFFFF-0D6C-CF10-48B9-55AAB8167ABB:F363:0055","1681901090.001","5046452","true","'-47"
"FFFFFFFF-0D6C-CF10-48B9-55AAB8167ABB:F363:0055","1681901212.001","5046452","true","'-47"
"FFFFFFFF-0D6C-CF10-48B9-55AAB8167ABB:F363:0055","1681901335.001","5046452","true","'-39"
"FFFFFFFF-0D6C-CF10-48B9-55AAB8167ABB:F363:0055","1681901461.001","5046452","true","'-47"
"FFFFFFFF-0D6C-CF10-48B9-55AAB8167ABB:F363:0055","1681901573.001","5046452","true","'-42"
"FFFFFFFF-0D6C-CF10-48B9-55AAB8167ABB:F363:0055","1681901694.001","5046452","true","'-42"
"FFFFFFFF-0D6C-CF10-48B9-55AAB8167ABB:F363:0055","1681901871.001","5046452","true","'-47"
"FFFFFFFF-0D6C-CF10-48B9-55AAB8167ABB:F363:0055","1681901943.001","5046452","true","'-47"
"FFFFFFFF-0D6C-CF10-48B9-55AAB8167ABB:F363:0055","1681902064.001","5046452","true","'-47"
"FFFFFFFF-0D6C-CF10-48B9-55AAB8167ABB:F363:0055","1681902184.001","5046452","false","null"
"FFFFFFFF-0D6C-CF10-48B9-55AAB8167ABB:F363:0055","1681902305.001","5046452","true","'-48"
"FFFFFFFF-0D6C-CF10-48B9-55AAB8167ABB:F363:0055","1681902426.001","5046452","true","'-48"
"FFFFFFFF-0D6C-CF10-48B9-55AAB8167ABB:F363:0055","1681902542.001","5046452","true","'-42"
"FFFFFFFF-0D6C-CF10-48B9-55AAB8167ABB:F363:0055","1681902662.001","5046452","true","'-48"
"FFFFFFFF-0D6C-CF10-48B9-55AAB8167ABB:F363:0055","1681902783.001","5046452","true","'-40"
"FFFFFFFF-0D6C-CF10-48B9-55AAB8167ABB:F363:0055","1681902904.001","5046452","true","'-42"
"FFFFFFFF-0D6C-CF10-48B9-55AAB8167ABB:F363:0055","1681903026.001","5046452","true","'-48"
"FFFFFFFF-0D6C-CF10-48B9-55AAB8167ABB:F363:0055","1681903145.001","5046452","true","'-42"
"FFFFFFFF-0D6C-CF10-48B9-55AAB8167ABB:F363:0055","1681903265.001","5046452","true","'-42"
"FFFFFFFF-0D6C-CF10-48B9-55AAB8167ABB:F363:0055","1681903384.001","5046452","true","'-40"
"FFFFFFFF-0D6C-CF10-48B9-55AAB8167ABB:F363:0055","1681903504.001","5046452","true","'-42"
"FFFFFFFF-0D6C-CF10-48B9-55AAB8167ABB:F363:0055","1681903625.001","5046452","true","'-47"
"FFFFFFFF-0D6C-CF10-48B9-55AAB8167ABB:F363:0055","1681903745.001","5046452","true","'-39"
"FFFFFFFF-0D6C-CF10-48B9-55AAB8167ABB:F363:0055","1681903866.001","5046452","true","'-42"
"FFFFFFFF-0D6C-CF10-48B9-55AAB8167ABB:F363:0055","1681903985.001","5046452","true","'-47"
"FFFFFFFF-0D6C-CF10-48B9-55AAB8167ABB:F363:0055","1681904105.001","5046452","true","'-39"
"FFFFFFFF-0D6C-CF10-48B9-55AAB8167ABB:F363:0055","1681904226.001","5046452","true","'-41"
"FFFFFFFF-0D6C-CF10-48B9-55AAB8167ABB:F363:0055","1681904348.001","5046452","true","'-48"
"FFFFFFFF-0D6C-CF10-48B9-55AAB8167ABB:F363:0055","1681904468.001","5046452","true","'-48"
"FFFFFFFF-0D6C-CF10-48B9-55AAB8167ABB:F363:0055","1681904587.001","5046452","true","'-47"
"FFFFFFFF-0D6C-CF10-48B9-55AAB8167ABB:F363:0055","1681904710.001","5046452","true","'-47"
"FFFFFFFF-0D6C-CF10-48B9-55AAB8167ABB:F363:0055","1681904828.001","5046452","true","'-47"
"FFFFFFFF-0D6C-CF10-48B9-55AAB8167ABB:F363:0055","1681904949.001","5046452","true","'-39"
"FFFFFFFF-0D6C-CF10-48B9-55AAB8167ABB:F363:0055","1681905072.001","5046452","true","'-47"
"FFFFFFFF-0D6C-CF10-48B9-55AAB8167ABB:F363:0055","1681905189.001","5046452","true","'-47"
"FFFFFFFF-0D6C-CF10-48B9-55AAB8167ABB:F363:0055","1681905310.001","5046452","true","'-47"
"FFFFFFFF-0D6C-CF10-48B9-55AAB8167ABB:F363:0055","1681905487.001","5046452","true","'-39"
"FFFFFFFF-0D6C-CF10-48B9-55AAB8167ABB:F363:0055","1681905552.001","5046452","true","'-47"
"FFFFFFFF-0D6C-CF10-48B9-55AAB8167ABB:F363:0055","1681905672.001","5046452","true","'-47"
"FFFFFFFF-0D6C-CF10-48B9-55AAB8167ABB:F363:0055","1681905792.001","5046452","true","'-42"
"FFFFFFFF-0D6C-CF10-48B9-55AAB8167ABB:F363:0055","1681905912.001","5046452","true","'-47"
"FFFFFFFF-0D6C-CF10-48B9-55AAB8167ABB:F363:0055","1681906033.001","5046452","true","'-39"
"FFFFFFFF-0D6C-CF10-48B9-55AAB8167ABB:F363:0055","1681906211.001","5046452","true","'-40"
"FFFFFFFF-0D6C-CF10-48B9-55AAB8167ABB:F363:0055","1681906331.001","5046452","true","'-47"
"FFFFFFFF-0D6C-CF10-48B9-55AAB8167ABB:F363:0055","1681906393.001","5046452","true","'-42"
"FFFFFFFF-0D6C-CF10-48B9-55AAB8167ABB:F363:0055","1681906572.001","5046452","true","'-42"
"FFFFFFFF-0D6C-CF10-48B9-55AAB8167ABB:F363:0055","1681906633.001","5046452","true","'-47"
"FFFFFFFF-0D6C-CF10-48B9-55AAB8167ABB:F363:0055","1681906812.001","5046452","true","'-42"
"FFFFFFFF-0D6C-CF10-48B9-55AAB8167ABB:F363:0055","1681906874.001","5046452","true","'-39"
"FFFFFFFF-0D6C-CF10-48B9-55AAB8167ABB:F363:0055","1681906996.001","5046452","true","'-47"
"FFFFFFFF-0D6C-CF10-48B9-55AAB8167ABB:F363:0055","1681961139.001","5046452","false","null"
"FFFFFFFF-0D6C-CF10-48B9-55AAB8167ABB:F363:0055","1681961286.001","5046452","false","null"
"FFFFFFFF-0D6C-CF10-48B9-55AAB8167ABB:F363:0055","1681961395.001","5046452","false","null"
"FFFFFFFF-0D6C-CF10-48B9-55AAB8167ABB:F363:0055","1681961539.001","5046452","true","'-48"
"FFFFFFFF-0D6C-CF10-48B9-55AAB8167ABB:F363:0055","1681961688.001","5046452","true","'-50"
"FFFFFFFF-0D6C-CF10-48B9-55AAB8167ABB:F363:0055","1681961787.001","5046452","true","'-49"
"FFFFFFFF-0D6C-CF10-48B9-55AAB8167ABB:F363:0055","1681961896.001","5046452","true","'-49"
"FFFFFFFF-0D6C-CF10-48B9-55AAB8167ABB:F363:0055","1681962026.001","5046452","true","'-48"
"FFFFFFFF-0D6C-CF10-48B9-55AAB8167ABB:F363:0055","1681962134.001","5046452","true","'-46"
"FFFFFFFF-0D6C-CF10-48B9-55AAB8167ABB:F363:0055","1681962271.001","5046452","true","'-46"
"FFFFFFFF-0D6C-CF10-48B9-55AAB8167ABB:F363:0055","1681962377.001","5046452","true","'-50"
"FFFFFFFF-0D6C-CF10-48B9-55AAB8167ABB:F363:0055","1681962503.001","5046452","true","'-50"
"FFFFFFFF-0D6C-CF10-48B9-55AAB8167ABB:F363:0055","1681962620.001","5046452","true","'-48"
"FFFFFFFF-0D6C-CF10-48B9-55AAB8167ABB:F363:0055","1681962749.001","5046452","true","'-52"
"FFFFFFFF-0D6C-CF10-48B9-55AAB8167ABB:F363:0055","1681962862.001","5046452","true","'-49"
"FFFFFFFF-0D6C-CF10-48B9-55AAB8167ABB:F363:0055","1681963038.001","5046452","true","'-47"
"FFFFFFFF-0D6C-CF10-48B9-55AAB8167ABB:F363:0055","1681963147.001","5046452","true","'-48"
"FFFFFFFF-0D6C-CF10-48B9-55AAB8167ABB:F363:0055","1681963252.001","5046452","true","'-48"
"FFFFFFFF-0D6C-CF10-48B9-55AAB8167ABB:F363:0055","1681963388.001","5046452","true","'-48"
"FFFFFFFF-0D6C-CF10-48B9-55AAB8167ABB:F363:0055","1681963493.001","5046452","true","'-48"
"FFFFFFFF-0D6C-CF10-48B9-55AAB8167ABB:F363:0055","1681963623.001","5046452","true","'-50"
"FFFFFFFF-0D6C-CF10-48B9-55AAB8167ABB:F363:0055","1681963788.001","5046452","true","'-50"
"FFFFFFFF-0D6C-CF10-48B9-55AAB8167ABB:F363:0055","1681963920.001","5046452","true","'-48"
"FFFFFFFF-0D6C-CF10-48B9-55AAB8167ABB:F363:0055","1681963994.001","5046452","true","'-47"
"FFFFFFFF-0D6C-CF10-48B9-55AAB8167ABB:F363:0055","1681964114.001","5046452","true","'-45"
"FFFFFFFF-0D6C-CF10-48B9-55AAB8167ABB:F363:0055","1681964114.002","5046452","true","'-45"
"FFFFFFFF-0D6C-CF10-48B9-55AAB8167ABB:F363:0055","1681964114.012","5046452","true","'-45"
"FFFFFFFF-0D6C-CF10-48B9-55AAB8167ABB:F363:0055","1681964114.02","5046452","true","'-45"
"FFFFFFFF-0D6C-CF10-48B9-55AAB8167ABB:F363:0055","1681964233.001","5046452","true","'-49"
"FFFFFFFF-0D6C-CF10-48B9-55AAB8167ABB:F363:0055","1681964352.001","5046452","true","'-47"
"FFFFFFFF-0D6C-CF10-48B9-55AAB8167ABB:F363:0055","1681964352.021","5046452","true","'-47"
"FFFFFFFF-0D6C-CF10-48B9-55AAB8167ABB:F363:0055","1681964352.024","5046452","true","'-47"
"FFFFFFFF-0D6C-CF10-48B9-55AAB8167ABB:F363:0055","1681964352.03","5046452","true","'-47"
"FFFFFFFF-0D6C-CF10-48B9-55AAB8167ABB:F363:0055","1681964352.04","5046452","true","'-47"
"FFFFFFFF-0D6C-CF10-48B9-55AAB8167ABB:F363:0055","1681964352.05","5046452","true","'-47"
"FFFFFFFF-0D6C-CF10-48B9-55AAB8167ABB:F363:0055","1681964352.064","5046452","true","'-47"
"FFFFFFFF-0D6C-CF10-48B9-55AAB8167ABB:F363:0055","1681964352.07","5046452","false","null"
"FFFFFFFF-0D6C-CF10-48B9-55AAB8167ABB:F363:0055","1681964352.08","5046452","false","null"
"FFFFFFFF-0D6C-CF10-48B9-55AAB8167ABB:F363:0055","1681964352.09","5046452","false","null"
"FFFFFFFF-0D6C-CF10-48B9-55AAB8167ABB:F363:0055","1681964352.1","5046452","false","null"
"FFFFFFFF-0D6C-CF10-48B9-55AAB8167ABB:F363:0055","1681964352.15","5046452","false","null"
"FFFFFFFF-0D6C-CF10-48B9-55AAB8167ABB:F363:0055","1681964352.2","5046452","false","null"
"FFFFFFFF-0D6C-CF10-48B9-55AAB8167ABB:F363:0055","1681964352.264","5046452","true","'-47"
"FFFFFFFF-0D6C-CF10-48B9-55AAB8167ABB:F363:0055","1681964472.001","5046452","true","'-48"
"FFFFFFFF-0D6C-CF10-48B9-55AAB8167ABB:F363:0055","1681964597.001","5046452","true","'-48"
"FFFFFFFF-0D6C-CF10-48B9-55AAB8167ABB:F363:0055","1681964713.001","5046452","true","'-48"
"FFFFFFFF-0D6C-CF10-48B9-55AAB8167ABB:F363:0055","1681964833.001","5046452","true","'-48"
"FFFFFFFF-0D6C-CF10-48B9-55AAB8167ABB:F363:0055","1681964961.001","5046452","true","'-40"
"FFFFFFFF-0D6C-CF10-48B9-55AAB8167ABB:F363:0055","1681965088.001","5046452","true","'-40"
"FFFFFFFF-0D6C-CF10-48B9-55AAB8167ABB:F363:0055","1681965206.001","5046452","true","'-33"
"FFFFFFFF-0D6C-CF10-48B9-55AAB8167ABB:F363:0055","1681965322.001","5046452","true","'-33"
"FFFFFFFF-0D6C-CF10-48B9-55AAB8167ABB:F363:0055","1681965455.001","5046452","true","'-31"
"FFFFFFFF-0D6C-CF10-48B9-55AAB8167ABB:F363:0055","1681965619.001","5046452","true","'-59"
"FFFFFFFF-0D6C-CF10-48B9-55AAB8167ABB:F363:0055","1681965703.001","5046452","true","'-59"
"FFFFFFFF-0D6C-CF10-48B9-55AAB8167ABB:F363:0055","1681965822.001","5046452","true","'-59"
"FFFFFFFF-0D6C-CF10-48B9-55AAB8167ABB:F363:0055","1681965935.001","5046452","true","'-59"
"FFFFFFFF-0D6C-CF10-48B9-55AAB8167ABB:F363:0055","1681966056.001","5046452","true","'-28"
"FFFFFFFF-0D6C-CF10-48B9-55AAB8167ABB:F363:0055","1681966176.001","5046452","true","'-49"
"FFFFFFFF-0D6C-CF10-48B9-55AAB8167ABB:F363:0055","1681966295.001","5046452","true","'-31"
"FFFFFFFF-0D6C-CF10-48B9-55AAB8167ABB:F363:0055","1681966418.001","5046452","true","'-31"
"FFFFFFFF-0D6C-CF10-48B9-55AAB8167ABB:F363:0055","1681966547.001","5046452","false","null"
"FFFFFFFF-0D6C-CF10-48B9-55AAB8167ABB:F363:0055","1681966658.001","5046452","true","'-49"
"FFFFFFFF-0D6C-CF10-48B9-55AAB8167ABB:F363:0055","1681966836.001","5046452","true","'-31"
"FFFFFFFF-0D6C-CF10-48B9-55AAB8167ABB:F363:0055","1681966913.001","5046452","true","'-31"
"FFFFFFFF-0D6C-CF10-48B9-55AAB8167ABB:F363:0055","1681967032.001","5046452","false","null"
"FFFFFFFF-0D6C-CF10-48B9-55AAB8167ABB:F363:0055","1681967154.001","5046452","true","'-48"
"FFFFFFFF-0D6C-CF10-48B9-55AAB8167ABB:F363:0055","1681967328.001","5046452","true","'-50"
"FFFFFFFF-0D6C-CF10-48B9-55AAB8167ABB:F363:0055","1681967404.001","5046452","true","'-49"
"FFFFFFFF-0D6C-CF10-48B9-55AAB8167ABB:F363:0055","1681967521.001","5046452","true","'-43"
"FFFFFFFF-0D6C-CF10-48B9-55AAB8167ABB:F363:0055","1681967647.001","5046452","true","'-50"
"FFFFFFFF-0D6C-CF10-48B9-55AAB8167ABB:F363:0055","1681967770.001","5046452","true","'-43"
"FFFFFFFF-0D6C-CF10-48B9-55AAB8167ABB:F363:0055","1681967899.001","5046452","true","'-43"
"FFFFFFFF-0D6C-CF10-48B9-55AAB8167ABB:F363:0055","1681968005.001","5046452","true","'-50"
"FFFFFFFF-0D6C-CF10-48B9-55AAB8167ABB:F363:0055","1681968132.001","5046452","true","'-43"
"FFFFFFFF-0D6C-CF10-48B9-55AAB8167ABB:F363:0055","1681968254.001","5046452","true","'-43"
"FFFFFFFF-0D6C-CF10-48B9-55AAB8167ABB:F363:0055","1681968370.001","5046452","true","'-42"
"FFFFFFFF-0D6C-CF10-48B9-55AAB8167ABB:F363:0055","1681968488.001","5046452","true","'-50"
"FFFFFFFF-0D6C-CF10-48B9-55AAB8167ABB:F363:0055","1681968610.001","5046452","true","'-50"
"FFFFFFFF-0D6C-CF10-48B9-55AAB8167ABB:F363:0055","1681968730.001","5046452","true","'-50"
"FFFFFFFF-0D6C-CF10-48B9-55AAB8167ABB:F363:0055","1681968863.001","5046452","true","'-43"
"FFFFFFFF-0D6C-CF10-48B9-55AAB8167ABB:F363:0055","1681968978.001","5046452","true","'-42"
"FFFFFFFF-0D6C-CF10-48B9-55AAB8167ABB:F363:0055","1681969095.001","5046452","true","'-43"
"FFFFFFFF-0D6C-CF10-48B9-55AAB8167ABB:F363:0055","1681969220.001","5046452","true","'-42"
"FFFFFFFF-0D6C-CF10-48B9-55AAB8167ABB:F363:0055","1681969338.001","5046452","true","'-43"
"FFFFFFFF-0D6C-CF10-48B9-55AAB8167ABB:F363:0055","1681969458.001","5046452","true","'-50"
"FFFFFFFF-0D6C-CF10-48B9-55AAB8167ABB:F363:0055","1681969588.001","5046452","true","'-43"
"FFFFFFFF-0D6C-CF10-48B9-55AAB8167ABB:F363:0055","1681969752.001","5046452","true","'-43"
"FFFFFFFF-0D6C-CF10-48B9-55AAB8167ABB:F363:0055","1681969855.001","5046452","true","'-50"
"FFFFFFFF-0D6C-CF10-48B9-55AAB8167ABB:F363:0055","1681969954.001","5046452","true","'-43"
"FFFFFFFF-0D6C-CF10-48B9-55AAB8167ABB:F363:0055","1681970082.001","5046452","true","'-42"
"FFFFFFFF-0D6C-CF10-48B9-55AAB8167ABB:F363:0055","1681970198.001","5046452","true","'-42"
"FFFFFFFF-0D6C-CF10-48B9-55AAB8167ABB:F363:0055","1681970321.001","5046452","true","'-43"
"FFFFFFFF-0D6C-CF10-48B9-55AAB8167ABB:F363:0055","1681970438.001","5046452","true","'-43"
"FFFFFFFF-0D6C-CF10-48B9-55AAB8167ABB:F363:0055","1681970573.001","5046452","true","'-44"
"FFFFFFFF-0D6C-CF10-48B9-55AAB8167ABB:F363:0055","1681970689.001","5046452","true","'-44"
"FFFFFFFF-0D6C-CF10-48B9-55AAB8167ABB:F363:0055","1681970811.001","5046452","true","'-43"
"FFFFFFFF-0D6C-CF10-48B9-55AAB8167ABB:F363:0055","1681970943.001","5046452","true","'-42"
"FFFFFFFF-0D6C-CF10-48B9-55AAB8167ABB:F363:0055","1681971053.001","5046452","true","'-42"
"FFFFFFFF-0D6C-CF10-48B9-55AAB8167ABB:F363:0055","1681971171.001","5046452","true","'-49"
"FFFFFFFF-0D6C-CF10-48B9-55AAB8167ABB:F363:0055","1681971289.001","5046452","true","'-44"
"FFFFFFFF-0D6C-CF10-48B9-55AAB8167ABB:F363:0055","1681971423.001","5046452","true","'-44"
"FFFFFFFF-0D6C-CF10-48B9-55AAB8167ABB:F363:0055","1681971533.001","5046452","true","'-42"
"FFFFFFFF-0D6C-CF10-48B9-55AAB8167ABB:F363:0055","1681971668.001","5046452","true","'-39"
"FFFFFFFF-0D6C-CF10-48B9-55AAB8167ABB:F363:0055","1681971797.001","5046452","true","'-39"
"FFFFFFFF-0D6C-CF10-48B9-55AAB8167ABB:F363:0055","1681971902.001","5046452","true","'-41"
"FFFFFFFF-0D6C-CF10-48B9-55AAB8167ABB:F363:0055","1681972078.001","5046452","true","'-49"
"FFFFFFFF-0D6C-CF10-48B9-55AAB8167ABB:F363:0055","1681972165.001","5046452","true","'-49"
"FFFFFFFF-0D6C-CF10-48B9-55AAB8167ABB:F363:0055","1681972294.001","5046452","false","null"
"FFFFFFFF-0D6C-CF10-48B9-55AAB8167ABB:F363:0055","1681972428.001","5046452","false","null"
"FFFFFFFF-0D6C-CF10-48B9-55AAB8167ABB:F363:0055","1681972527.001","5046452","false","null"
"FFFFFFFF-0D6C-CF10-48B9-55AAB8167ABB:F363:0055","1681972704.001","5046452","true","'-42"
"FFFFFFFF-0D6C-CF10-48B9-55AAB8167ABB:F363:0055","1681972786.001","5046452","true","'-42"
"FFFFFFFF-0D6C-CF10-48B9-55AAB8167ABB:F363:0055","1681972907.001","5046452","true","'-41"
"FFFFFFFF-0D6C-CF10-48B9-55AAB8167ABB:F363:0055","1681973021.001","5046452","true","'-41"
"FFFFFFFF-0D6C-CF10-48B9-55AAB8167ABB:F363:0055","1681973145.001","5046452","false","null"
"FFFFFFFF-0D6C-CF10-48B9-55AAB8167ABB:F363:0055","1681973261.001","5046452","true","'-48"
"FFFFFFFF-0D6C-CF10-48B9-55AAB8167ABB:F363:0055","1681973382.001","5046452","true","'-43"
"FFFFFFFF-0D6C-CF10-48B9-55AAB8167ABB:F363:0055","1681973516.001","5046452","true","'-43"
"FFFFFFFF-0D6C-CF10-48B9-55AAB8167ABB:F363:0055","1681973631.001","5046452","true","'-41"
"FFFFFFFF-0D6C-CF10-48B9-55AAB8167ABB:F363:0055","1681973758.001","5046452","true","'-41"
"FFFFFFFF-0D6C-CF10-48B9-55AAB8167ABB:F363:0055","1681973887.001","5046452","true","'-40"
"FFFFFFFF-0D6C-CF10-48B9-55AAB8167ABB:F363:0055","1681973993.001","5046452","true","'-43"
"FFFFFFFF-0D6C-CF10-48B9-55AAB8167ABB:F363:0055","1681974115.001","5046452","true","'-43"
"FFFFFFFF-0D6C-CF10-48B9-55AAB8167ABB:F363:0055","1681974235.001","5046452","false","null"
"FFFFFFFF-0D6C-CF10-48B9-55AAB8167ABB:F363:0055","1681974357.001","5046452","true","'-41"
"FFFFFFFF-0D6C-CF10-48B9-55AAB8167ABB:F363:0055","1681974476.001","5046452","true","'-42"
"FFFFFFFF-0D6C-CF10-48B9-55AAB8167ABB:F363:0055","1681974595.001","5046452","true","'-47"
"FFFFFFFF-0D6C-CF10-48B9-55AAB8167ABB:F363:0055","1681974717.001","5046452","true","'-42"
"FFFFFFFF-0D6C-CF10-48B9-55AAB8167ABB:F363:0055","1681974846.001","5046452","true","'-42"
"FFFFFFFF-0D6C-CF10-48B9-55AAB8167ABB:F363:0055","1681974969.001","5046452","true","'-54"
"FFFFFFFF-0D6C-CF10-48B9-55AAB8167ABB:F363:0055","1681975098.001","5046452","true","'-51"
"FFFFFFFF-0D6C-CF10-48B9-55AAB8167ABB:F363:0055","1681975204.001","5046452","true","'-43"
"FFFFFFFF-0D6C-CF10-48B9-55AAB8167ABB:F363:0055","1681975338.001","5046452","true","'-42"
"FFFFFFFF-0D6C-CF10-48B9-55AAB8167ABB:F363:0055","1681975453.001","5046452","true","'-52"
"FFFFFFFF-0D6C-CF10-48B9-55AAB8167ABB:F363:0055","1681975569.001","5046452","true","'-43"
"FFFFFFFF-0D6C-CF10-48B9-55AAB8167ABB:F363:0055","1681975691.001","5046452","true","'-55"
"FFFFFFFF-0D6C-CF10-48B9-55AAB8167ABB:F363:0055","1681975837.001","5046452","true","'-55"
"FFFFFFFF-0D6C-CF10-48B9-55AAB8167ABB:F363:0055","1681975934.001","5046452","true","'-54"
"FFFFFFFF-0D6C-CF10-48B9-55AAB8167ABB:F363:0055","1681976072.001","5046452","true","'-42"
"FFFFFFFF-0D6C-CF10-48B9-55AAB8167ABB:F363:0055","1681976180.001","5046452","true","'-42"
"FFFFFFFF-0D6C-CF10-48B9-55AAB8167ABB:F363:0055","1681976313.001","5046452","false","null"
"FFFFFFFF-0D6C-CF10-48B9-55AAB8167ABB:F363:0055","1681976472.001","5046452","false","null"
"FFFFFFFF-0D6C-CF10-48B9-55AAB8167ABB:F363:0055","1681976553.001","5046452","true","'-45"
"FFFFFFFF-0D6C-CF10-48B9-55AAB8167ABB:F363:0055","1681976674.001","5046452","true","'-58"
"FFFFFFFF-0D6C-CF10-48B9-55AAB8167ABB:F363:0055","1681976813.001","5046452","true","'-58"
"FFFFFFFF-0D6C-CF10-48B9-55AAB8167ABB:F363:0055","1681976924.001","5046452","false","null"
"FFFFFFFF-0D6C-CF10-48B9-55AAB8167ABB:F363:0055","1681977057.001","5046452","false","null"
"FFFFFFFF-0D6C-CF10-48B9-55AAB8167ABB:F363:0055","1681977165.001","5046452","true","'-56"
"FFFFFFFF-0D6C-CF10-48B9-55AAB8167ABB:F363:0055","1681977295.001","5046452","true","'-56"
"FFFFFFFF-0D6C-CF10-48B9-55AAB8167ABB:F363:0055","1681977413.001","5046452","false","null"
"FFFFFFFF-0D6C-CF10-48B9-55AAB8167ABB:F363:0055","1681977527.001","5046452","true","'-46"
"FFFFFFFF-0D6C-CF10-48B9-55AAB8167ABB:F363:0055","1681977655.001","5046452","true","'-46"
"FFFFFFFF-0D6C-CF10-48B9-55AAB8167ABB:F363:0055","1681977770.001","5046452","true","'-38"
"FFFFFFFF-0D6C-CF10-48B9-55AAB8167ABB:F363:0055","1681977926.001","5046452","true","'-39"
"FFFFFFFF-0D6C-CF10-48B9-55AAB8167ABB:F363:0055","1681978029.001","5046452","true","'-40"
"FFFFFFFF-0D6C-CF10-48B9-55AAB8167ABB:F363:0055","1681978142.001","5046452","true","'-50"
"FFFFFFFF-0D6C-CF10-48B9-55AAB8167ABB:F363:0055","1681978268.001","5046452","true","'-50"
"FFFFFFFF-0D6C-CF10-48B9-55AAB8167ABB:F363:0055","1681978440.001","5046452","true","'-50"
"FFFFFFFF-0D6C-CF10-48B9-55AAB8167ABB:F363:0055","1681978514.001","5046452","true","'-48"
"FFFFFFFF-0D6C-CF10-48B9-55AAB8167ABB:F363:0055","1681978639.001","5046452","true","'-39"
"FFFFFFFF-0D6C-CF10-48B9-55AAB8167ABB:F363:0055","1681978756.001","5046452","true","'-39"
"FFFFFFFF-0D6C-CF10-48B9-55AAB8167ABB:F363:0055","1681978891.001","5046452","false","null"
"FFFFFFFF-0D6C-CF10-48B9-55AAB8167ABB:F363:0055","1681979006.001","5046452","true","'-38"
"FFFFFFFF-0D6C-CF10-48B9-55AAB8167ABB:F363:0055","1681979121.001","5046452","true","'-39"
"FFFFFFFF-0D6C-CF10-48B9-55AAB8167ABB:F363:0055","1681979249.001","5046452","true","'-39"
"FFFFFFFF-0D6C-CF10-48B9-55AAB8167ABB:F363:0055","1681979371.001","5046452","true","'-38"
"FFFFFFFF-0D6C-CF10-48B9-55AAB8167ABB:F363:0055","1681979504.001","5046452","true","'-38"
"FFFFFFFF-0D6C-CF10-48B9-55AAB8167ABB:F363:0055","1681979641.001","5046452","true","'-40"
"FFFFFFFF-0D6C-CF10-48B9-55AAB8167ABB:F363:0055","1681979745.001","5046452","true","'-33"
"FFFFFFFF-0D6C-CF10-48B9-55AAB8167ABB:F363:0055","1681979871.001","5046452","true","'-33"
"FFFFFFFF-0D6C-CF10-48B9-55AAB8167ABB:F363:0055","1681979981.001","5046452","true","'-34"
"FFFFFFFF-0D6C-CF10-48B9-55AAB8167ABB:F363:0055","1681980112.001","5046452","true","'-33"
"FFFFFFFF-0D6C-CF10-48B9-55AAB8167ABB:F363:0055","1681980225.001","5046452","true","'-57"
"FFFFFFFF-0D6C-CF10-48B9-55AAB8167ABB:F363:0055","1681980362.001","5046452","true","'-39"
"FFFFFFFF-0D6C-CF10-48B9-55AAB8167ABB:F363:0055","1681980480.001","5046452","true","'-39"
"FFFFFFFF-0D6C-CF10-48B9-55AAB8167ABB:F363:0055","1681980632.001","5046452","true","'-39"
"FFFFFFFF-0D6C-CF10-48B9-55AAB8167ABB:F363:0055","1681980777.001","5046452","true","'-39"
"FFFFFFFF-0D6C-CF10-48B9-55AAB8167ABB:F363:0055","1681980870.001","5046452","true","'-39"
"FFFFFFFF-0D6C-CF10-48B9-55AAB8167ABB:F363:0055","1681980976.001","5046452","true","'-42"
"FFFFFFFF-0D6C-CF10-48B9-55AAB8167ABB:F363:0055","1681981098.001","5046452","true","'-38"
"FFFFFFFF-0D6C-CF10-48B9-55AAB8167ABB:F363:0055","1681981241.001","5046452","true","'-43"
"FFFFFFFF-0D6C-CF10-48B9-55AAB8167ABB:F363:0055","1681981361.001","5046452","true","'-43"
"FFFFFFFF-0D6C-CF10-48B9-55AAB8167ABB:F363:0055","1681981472.001","5046452","true","'-66"
"FFFFFFFF-0D6C-CF10-48B9-55AAB8167ABB:F363:0055","1681981593.001","5046452","true","'-66"
"FFFFFFFF-0D6C-CF10-48B9-55AAB8167ABB:F363:0055","1681981712.001","5046452","false","null"
"FFFFFFFF-0D6C-CF10-48B9-55AAB8167ABB:F363:0055","1681981835.001","5046452","true","'-46"
"FFFFFFFF-0D6C-CF10-48B9-55AAB8167ABB:F363:0055","1681981948.001","5046452","true","'-35"
"FFFFFFFF-0D6C-CF10-48B9-55AAB8167ABB:F363:0055","1681982075.001","5046452","true","'-36"
"FFFFFFFF-0D6C-CF10-48B9-55AAB8167ABB:F363:0055","1681982193.001","5046452","true","'-36"
"FFFFFFFF-0D6C-CF10-48B9-55AAB8167ABB:F363:0055","1681982321.001","5046452","true","'-45"
"FFFFFFFF-0D6C-CF10-48B9-55AAB8167ABB:F363:0055","1681982434.001","5046452","true","'-35"
"FFFFFFFF-0D6C-CF10-48B9-55AAB8167ABB:F363:0055","1681982556.001","5046452","true","'-36"
"FFFFFFFF-0D6C-CF10-48B9-55AAB8167ABB:F363:0055","1681982681.001","5046452","true","'-36"
"FFFFFFFF-0D6C-CF10-48B9-55AAB8167ABB:F363:0055","1681982854.001","5046452","true","'-43"
"FFFFFFFF-0D6C-CF10-48B9-55AAB8167ABB:F363:0055","1681982928.001","5046452","true","'-35"
"FFFFFFFF-0D6C-CF10-48B9-55AAB8167ABB:F363:0055","1681983048.001","5046452","true","'-44"
"FFFFFFFF-0D6C-CF10-48B9-55AAB8167ABB:F363:0055","1681983196.001","5046452","true","'-44"
"FFFFFFFF-0D6C-CF10-48B9-55AAB8167ABB:F363:0055","1681983314.001","5046452","true","'-35"
"FFFFFFFF-0D6C-CF10-48B9-55AAB8167ABB:F363:0055","1681983477.001","5046452","true","'-39"
"FFFFFFFF-0D6C-CF10-48B9-55AAB8167ABB:F363:0055","1681983552.001","5046452","true","'-36"
"FFFFFFFF-0D6C-CF10-48B9-55AAB8167ABB:F363:0055","1681983670.001","5046452","true","'-45"
"FFFFFFFF-0D6C-CF10-48B9-55AAB8167ABB:F363:0055","1681983790.001","5046452","true","'-39"
"FFFFFFFF-0D6C-CF10-48B9-55AAB8167ABB:F363:0055","1681983910.001","5046452","true","'-33"
"FFFFFFFF-0D6C-CF10-48B9-55AAB8167ABB:F363:0055","1681984089.001","5046452","true","'-37"
"FFFFFFFF-0D6C-CF10-48B9-55AAB8167ABB:F363:0055","1681984169.001","5046452","true","'-37"
"FFFFFFFF-0D6C-CF10-48B9-55AAB8167ABB:F363:0055","1681984288.001","5046452","true","'-27"
"FFFFFFFF-0D6C-CF10-48B9-55AAB8167ABB:F363:0055","1681984406.001","5046452","true","'-65"
"FFFFFFFF-0D6C-CF10-48B9-55AAB8167ABB:F363:0055","1681984527.001","5046452","false","null"
"FFFFFFFF-0D6C-CF10-48B9-55AAB8167ABB:F363:0055","1681984650.001","5046452","false","null"
"FFFFFFFF-0D6C-CF10-48B9-55AAB8167ABB:F363:0055","1681984779.001","5046452","false","null"
"FFFFFFFF-0D6C-CF10-48B9-55AAB8167ABB:F363:0055","1681984890.001","5046452","false","null"
"FFFFFFFF-0D6C-CF10-48B9-55AAB8167ABB:F363:0055","1681985012.001","5046452","false","null"
"FFFFFFFF-0D6C-CF10-48B9-55AAB8167ABB:F363:0055","1681985132.001","5046452","true","'-56"
"FFFFFFFF-0D6C-CF10-48B9-55AAB8167ABB:F363:0055","1681985263.001","5046452","true","'-33"
"FFFFFFFF-0D6C-CF10-48B9-55AAB8167ABB:F363:0055","1681985378.001","5046452","true","'-32"
"FFFFFFFF-0D6C-CF10-48B9-55AAB8167ABB:F363:0055","1681985513.001","5046452","true","'-32"
"FFFFFFFF-0D6C-CF10-48B9-55AAB8167ABB:F363:0055","1681985617.001","5046452","true","'-31"
"FFFFFFFF-0D6C-CF10-48B9-55AAB8167ABB:F363:0055","1681985742.001","5046452","true","'-31"
"FFFFFFFF-0D6C-CF10-48B9-55AAB8167ABB:F363:0055","1681985859.001","5046452","false","null"
"FFFFFFFF-0D6C-CF10-48B9-55AAB8167ABB:F363:0055","1681986003.001","5046452","true","'-32"
"FFFFFFFF-0D6C-CF10-48B9-55AAB8167ABB:F363:0055","1681986122.001","5046452","true","'-30"
"FFFFFFFF-0D6C-CF10-48B9-55AAB8167ABB:F363:0055","1681986227.001","5046452","true","'-32"
"FFFFFFFF-0D6C-CF10-48B9-55AAB8167ABB:F363:0055","1681986357.001","5046452","true","'-29"
"FFFFFFFF-0D6C-CF10-48B9-55AAB8167ABB:F363:0055","1681986469.001","5046452","true","'-32"
"FFFFFFFF-0D6C-CF10-48B9-55AAB8167ABB:F363:0055","1681986624.001","5046452","true","'-36"
"FFFFFFFF-0D6C-CF10-48B9-55AAB8167ABB:F363:0055","1681986750.001","5046452","true","'-32"
"FFFFFFFF-0D6C-CF10-48B9-55AAB8167ABB:F363:0055","1681986847.001","5046452","true","'-32"
"FFFFFFFF-0D6C-CF10-48B9-55AAB8167ABB:F363:0055","1681986968.001","5046452","false","null"
"FFFFFFFF-0D6C-CF10-48B9-55AAB8167ABB:F363:0055","1681987091.001","5046452","false","null"
"FFFFFFFF-0D6C-CF10-48B9-55AAB8167ABB:F363:0055","1681987210.001","5046452","true","'-35"
"FFFFFFFF-0D6C-CF10-48B9-55AAB8167ABB:F363:0055","1681987349.001","5046452","true","'-35"
"FFFFFFFF-0D6C-CF10-48B9-55AAB8167ABB:F363:0055","1681987478.001","5046452","true","'-35"
"FFFFFFFF-0D6C-CF10-48B9-55AAB8167ABB:F363:0055","1681987609.001","5046452","true","'-39"
"FFFFFFFF-0D6C-CF10-48B9-55AAB8167ABB:F363:0055","1681987712.001","5046452","true","'-39"
"FFFFFFFF-0D6C-CF10-48B9-55AAB8167ABB:F363:0055","1681987829.001","5046452","true","'-34"
"FFFFFFFF-0D6C-CF10-48B9-55AAB8167ABB:F363:0055","1681987945.001","5046452","true","'-31"
"FFFFFFFF-0D6C-CF10-48B9-55AAB8167ABB:F363:0055","1681988070.001","5046452","true","'-26"
"FFFFFFFF-0D6C-CF10-48B9-55AAB8167ABB:F363:0055","1681988200.001","5046452","true","'-26"
"FFFFFFFF-0D6C-CF10-48B9-55AAB8167ABB:F363:0055","1681988311.001","5046452","true","'-26"
"FFFFFFFF-0D6C-CF10-48B9-55AAB8167ABB:F363:0055","1681988435.001","5046452","true","'-26"
"FFFFFFFF-0D6C-CF10-48B9-55AAB8167ABB:F363:0055","1681988558.001","5046452","true","'-23"
"FFFFFFFF-0D6C-CF10-48B9-55AAB8167ABB:F363:0055","1681988677.001","5046452","true","'-24"
"FFFFFFFF-0D6C-CF10-48B9-55AAB8167ABB:F363:0055","1681988798.001","5046452","true","'-54"
"FFFFFFFF-0D6C-CF10-48B9-55AAB8167ABB:F363:0055","1681988913.001","5046452","true","'-51"
"FFFFFFFF-0D6C-CF10-48B9-55AAB8167ABB:F363:0055","1681989047.001","5046452","true","'-51"
"FFFFFFFF-0D6C-CF10-48B9-55AAB8167ABB:F363:0055","1681989159.001","5046452","true","'-45"
"FFFFFFFF-0D6C-CF10-48B9-55AAB8167ABB:F363:0055","1681989297.001","5046452","true","'-45"
"FFFFFFFF-0D6C-CF10-48B9-55AAB8167ABB:F363:0055","1681989409.001","5046452","true","'-45"
"FFFFFFFF-0D6C-CF10-48B9-55AAB8167ABB:F363:0055","1681989530.001","5046452","true","'-57"
"FFFFFFFF-0D6C-CF10-48B9-55AAB8167ABB:F363:0055","1681989645.001","5046452","true","'-57"
"FFFFFFFF-0D6C-CF10-48B9-55AAB8167ABB:F363:0055","1681989767.001","5046452","true","'-54"
"FFFFFFFF-0D6C-CF10-48B9-55AAB8167ABB:F363:0055","1681989886.001","5046452","true","'-62"
"FFFFFFFF-0D6C-CF10-48B9-55AAB8167ABB:F363:0055","1681990002.001","5046452","true","'-54"
"FFFFFFFF-0D6C-CF10-48B9-55AAB8167ABB:F363:0055","1681990126.001","5046452","true","'-48"
"FFFFFFFF-0D6C-CF10-48B9-55AAB8167ABB:F363:0055","1681990244.001","5046452","true","'-62"
"FFFFFFFF-0D6C-CF10-48B9-55AAB8167ABB:F363:0055","1681990372.001","5046452","true","'-59"
"FFFFFFFF-0D6C-CF10-48B9-55AAB8167ABB:F363:0055","1681990487.001","5046452","true","'-59"
"FFFFFFFF-0D6C-CF10-48B9-55AAB8167ABB:F363:0055","1681990604.001","5046452","false","null"
"FFFFFFFF-0D6C-CF10-48B9-55AAB8167ABB:F363:0055","1681990782.001","5046452","true","'-54"
"FFFFFFFF-0D6C-CF10-48B9-55AAB8167ABB:F363:0055","1681990854.001","5046452","true","'-54"
"FFFFFFFF-0D6C-CF10-48B9-55AAB8167ABB:F363:0055","1681990976.001","5046452","true","'-54"
"FFFFFFFF-0D6C-CF10-48B9-55AAB8167ABB:F363:0055","1681991094.001","5046452","true","'-54"
"FFFFFFFF-0D6C-CF10-48B9-55AAB8167ABB:F363:0055","1681991216.001","5046452","true","'-45"
"FFFFFFFF-0D6C-CF10-48B9-55AAB8167ABB:F363:0055","1681991336.001","5046452","true","'-45"
"FFFFFFFF-0D6C-CF10-48B9-55AAB8167ABB:F363:0055","1681991469.001","5046452","true","'-49"
"FFFFFFFF-0D6C-CF10-48B9-55AAB8167ABB:F363:0055","1681991582.001","5046452","true","'-51"
"FFFFFFFF-0D6C-CF10-48B9-55AAB8167ABB:F363:0055","1681991698.001","5046452","true","'-51"
"FFFFFFFF-0D6C-CF10-48B9-55AAB8167ABB:F363:0055","1681991821.001","5046452","false","null"
"FFFFFFFF-0D6C-CF10-48B9-55AAB8167ABB:F363:0055","1681991996.001","5046452","true","'-61"
"FFFFFFFF-0D6C-CF10-48B9-55AAB8167ABB:F363:0055","1681992068.001","5046452","true","'-61"
"FFFFFFFF-0D6C-CF10-48B9-55AAB8167ABB:F363:0055","1681992246.001","5046452","true","'-31"
"FFFFFFFF-0D6C-CF10-48B9-55AAB8167ABB:F363:0055","1681992312.001","5046452","true","'-31"
"FFFFFFFF-0D6C-CF10-48B9-55AAB8167ABB:F363:0055","1681992432.001","5046452","true","'-23"
"FFFFFFFF-0D6C-CF10-48B9-55AAB8167ABB:F363:0055","1681992554.001","5046452","true","'-31"
"FFFFFFFF-0D6C-CF10-48B9-55AAB8167ABB:F363:0055","1681992671.001","5046452","true","'-23"
"FFFFFFFF-0D6C-CF10-48B9-55AAB8167ABB:F363:0055","1681992791.001","5046452","true","'-29"
"E0702891-AE8E-8DC0-B0DE-3C666B326CA9:3138:0055","1681878351.001","5046452","true","'-31"
"E0702891-AE8E-8DC0-B0DE-3C666B326CA9:3138:0055","1681883680.001","5046452","true","'-26"
"E0702891-AE8E-8DC0-B0DE-3C666B326CA9:3138:0055","1681883799.001","5046452","true","'-26"
"E0702891-AE8E-8DC0-B0DE-3C666B326CA9:3138:0055","1681883919.001","5046452","true","'-25"
"E0702891-AE8E-8DC0-B0DE-3C666B326CA9:3138:0055","1681884042.001","5046452","true","'-26"
"E0702891-AE8E-8DC0-B0DE-3C666B326CA9:3138:0055","1681884164.001","5046452","true","'-25"
"E0702891-AE8E-8DC0-B0DE-3C666B326CA9:3138:0055","1681884281.001","5046452","true","'-25"
"E0702891-AE8E-8DC0-B0DE-3C666B326CA9:3138:0055","1681884401.001","5046452","true","'-26"
"E0702891-AE8E-8DC0-B0DE-3C666B326CA9:3138:0055","1681884522.001","5046452","true","'-24"
"E0702891-AE8E-8DC0-B0DE-3C666B326CA9:3138:0055","1681884645.001","5046452","true","'-24"
"E0702891-AE8E-8DC0-B0DE-3C666B326CA9:3138:0055","1681884762.001","5046452","true","'-27"
"E0702891-AE8E-8DC0-B0DE-3C666B326CA9:3138:0055","1681884883.001","5046452","true","'-23"
"E0702891-AE8E-8DC0-B0DE-3C666B326CA9:3138:0055","1681885007.001","5046452","true","'-27"
"E0702891-AE8E-8DC0-B0DE-3C666B326CA9:3138:0055","1681885126.001","5046452","true","'-23"
"E0702891-AE8E-8DC0-B0DE-3C666B326CA9:3138:0055","1681885243.001","5046452","true","'-27"
"E0702891-AE8E-8DC0-B0DE-3C666B326CA9:3138:0055","1681885363.001","5046452","true","'-23"
"E0702891-AE8E-8DC0-B0DE-3C666B326CA9:3138:0055","1681885542.001","5046452","true","'-22"
"E0702891-AE8E-8DC0-B0DE-3C666B326CA9:3138:0055","1681885615.001","5046452","true","'-22"
"E0702891-AE8E-8DC0-B0DE-3C666B326CA9:3138:0055","1681885734.001","5046452","true","'-27"
"E0702891-AE8E-8DC0-B0DE-3C666B326CA9:3138:0055","1681885855.001","5046452","true","'-23"
"E0702891-AE8E-8DC0-B0DE-3C666B326CA9:3138:0055","1681885979.001","5046452","true","'-22"
"E0702891-AE8E-8DC0-B0DE-3C666B326CA9:3138:0055","1681886100.001","5046452","true","'-22"
"E0702891-AE8E-8DC0-B0DE-3C666B326CA9:3138:0055","1681886276.001","5046452","true","'-27"
"E0702891-AE8E-8DC0-B0DE-3C666B326CA9:3138:0055","1681886354.001","5046452","true","'-22"
"E0702891-AE8E-8DC0-B0DE-3C666B326CA9:3138:0055","1681886475.001","5046452","true","'-22"
"E0702891-AE8E-8DC0-B0DE-3C666B326CA9:3138:0055","1681886593.001","5046452","true","'-23"
"E0702891-AE8E-8DC0-B0DE-3C666B326CA9:3138:0055","1681886714.001","5046452","true","'-27"
"E0702891-AE8E-8DC0-B0DE-3C666B326CA9:3138:0055","1681886834.001","5046452","true","'-27"
"E0702891-AE8E-8DC0-B0DE-3C666B326CA9:3138:0055","1681886952.001","5046452","true","'-23"
"E0702891-AE8E-8DC0-B0DE-3C666B326CA9:3138:0055","1681887084.001","5046452","true","'-27"
"E0702891-AE8E-8DC0-B0DE-3C666B326CA9:3138:0055","1681887196.001","5046452","true","'-22"
"E0702891-AE8E-8DC0-B0DE-3C666B326CA9:3138:0055","1681887317.001","5046452","true","'-22"
"E0702891-AE8E-8DC0-B0DE-3C666B326CA9:3138:0055","1681887443.001","5046452","true","'-27"
"E0702891-AE8E-8DC0-B0DE-3C666B326CA9:3138:0055","1681887555.001","5046452","true","'-23"
"E0702891-AE8E-8DC0-B0DE-3C666B326CA9:3138:0055","1681887675.001","5046452","true","'-22"
"E0702891-AE8E-8DC0-B0DE-3C666B326CA9:3138:0055","1681887798.001","5046452","true","'-27"
"E0702891-AE8E-8DC0-B0DE-3C666B326CA9:3138:0055","1681887916.001","5046452","true","'-22"
"E0702891-AE8E-8DC0-B0DE-3C666B326CA9:3138:0055","1681888039.001","5046452","true","'-27"
"E0702891-AE8E-8DC0-B0DE-3C666B326CA9:3138:0055","1681888157.001","5046452","true","'-22"
"E0702891-AE8E-8DC0-B0DE-3C666B326CA9:3138:0055","1681888336.001","5046452","true","'-27"
"E0702891-AE8E-8DC0-B0DE-3C666B326CA9:3138:0055","1681888411.001","5046452","true","'-27"
"E0702891-AE8E-8DC0-B0DE-3C666B326CA9:3138:0055","1681888540.001","5046452","true","'-22"
"E0702891-AE8E-8DC0-B0DE-3C666B326CA9:3138:0055","1681888654.001","5046452","true","'-22"
"E0702891-AE8E-8DC0-B0DE-3C666B326CA9:3138:0055","1681888773.001","5046452","true","'-27"
"E0702891-AE8E-8DC0-B0DE-3C666B326CA9:3138:0055","1681888950.001","5046452","true","'-23"
"E0702891-AE8E-8DC0-B0DE-3C666B326CA9:3138:0055","1681889027.001","5046452","true","'-26"
"E0702891-AE8E-8DC0-B0DE-3C666B326CA9:3138:0055","1681889143.001","5046452","true","'-27"
"E0702891-AE8E-8DC0-B0DE-3C666B326CA9:3138:0055","1681889264.001","5046452","true","'-23"
"E0702891-AE8E-8DC0-B0DE-3C666B326CA9:3138:0055","1681889442.001","5046452","true","'-23"
"E0702891-AE8E-8DC0-B0DE-3C666B326CA9:3138:0055","1681889523.001","5046452","true","'-23"
"E0702891-AE8E-8DC0-B0DE-3C666B326CA9:3138:0055","1681889639.001","5046452","true","'-27"
"E0702891-AE8E-8DC0-B0DE-3C666B326CA9:3138:0055","1681889757.001","5046452","true","'-22"
"E0702891-AE8E-8DC0-B0DE-3C666B326CA9:3138:0055","1681889879.001","5046452","true","'-27"
"E0702891-AE8E-8DC0-B0DE-3C666B326CA9:3138:0055","1681890000.001","5046452","true","'-24"
"E0702891-AE8E-8DC0-B0DE-3C666B326CA9:3138:0055","1681890121.001","5046452","true","'-23"
"E0702891-AE8E-8DC0-B0DE-3C666B326CA9:3138:0055","1681890297.001","5046452","true","'-27"
"E0702891-AE8E-8DC0-B0DE-3C666B326CA9:3138:0055","1681890372.001","5046452","true","'-27"
"E0702891-AE8E-8DC0-B0DE-3C666B326CA9:3138:0055","1681890494.001","5046452","true","'-27"
"E0702891-AE8E-8DC0-B0DE-3C666B326CA9:3138:0055","1681890613.001","5046452","true","'-24"
"E0702891-AE8E-8DC0-B0DE-3C666B326CA9:3138:0055","1681890737.001","5046452","true","'-27"
"E0702891-AE8E-8DC0-B0DE-3C666B326CA9:3138:0055","1681890855.001","5046452","true","'-27"
"E0702891-AE8E-8DC0-B0DE-3C666B326CA9:3138:0055","1681890976.001","5046452","true","'-27"
"E0702891-AE8E-8DC0-B0DE-3C666B326CA9:3138:0055","1681891094.001","5046452","true","'-22"
"E0702891-AE8E-8DC0-B0DE-3C666B326CA9:3138:0055","1681891214.001","5046452","true","'-25"
"E0702891-AE8E-8DC0-B0DE-3C666B326CA9:3138:0055","1681891340.001","5046452","true","'-26"
"E0702891-AE8E-8DC0-B0DE-3C666B326CA9:3138:0055","1681891468.001","5046452","true","'-25"
"E0702891-AE8E-8DC0-B0DE-3C666B326CA9:3138:0055","1681891635.001","5046452","true","'-23"
"E0702891-AE8E-8DC0-B0DE-3C666B326CA9:3138:0055","1681891766.001","5046452","true","'-23"
"E0702891-AE8E-8DC0-B0DE-3C666B326CA9:3138:0055","1681891898.001","5046452","true","'-24"
"E0702891-AE8E-8DC0-B0DE-3C666B326CA9:3138:0055","1681891976.001","5046452","true","'-24"
"E0702891-AE8E-8DC0-B0DE-3C666B326CA9:3138:0055","1681892093.001","5046452","true","'-25"
"E0702891-AE8E-8DC0-B0DE-3C666B326CA9:3138:0055","1681892223.001","5046452","true","'-23"
"E0702891-AE8E-8DC0-B0DE-3C666B326CA9:3138:0055","1681892333.001","5046452","true","'-24"
"E0702891-AE8E-8DC0-B0DE-3C666B326CA9:3138:0055","1681892453.001","5046452","true","'-23"
"E0702891-AE8E-8DC0-B0DE-3C666B326CA9:3138:0055","1681892631.001","5046452","true","'-25"
"E0702891-AE8E-8DC0-B0DE-3C666B326CA9:3138:0055","1681892705.001","5046452","true","'-25"
"E0702891-AE8E-8DC0-B0DE-3C666B326CA9:3138:0055","1681892827.001","5046452","true","'-25"
"E0702891-AE8E-8DC0-B0DE-3C666B326CA9:3138:0055","1681892945.001","5046452","true","'-25"
"E0702891-AE8E-8DC0-B0DE-3C666B326CA9:3138:0055","1681893067.001","5046452","true","'-25"
"E0702891-AE8E-8DC0-B0DE-3C666B326CA9:3138:0055","1681893189.001","5046452","true","'-23"
"E0702891-AE8E-8DC0-B0DE-3C666B326CA9:3138:0055","1681893307.001","5046452","true","'-25"
"E0702891-AE8E-8DC0-B0DE-3C666B326CA9:3138:0055","1681893441.001","5046452","true","'-26"
"E0702891-AE8E-8DC0-B0DE-3C666B326CA9:3138:0055","1681893607.001","5046452","true","'-26"
"E0702891-AE8E-8DC0-B0DE-3C666B326CA9:3138:0055","1681893679.001","5046452","true","'-23"
"E0702891-AE8E-8DC0-B0DE-3C666B326CA9:3138:0055","1681893800.001","5046452","true","'-25"
"E0702891-AE8E-8DC0-B0DE-3C666B326CA9:3138:0055","1681893920.001","5046452","true","'-25"
"E0702891-AE8E-8DC0-B0DE-3C666B326CA9:3138:0055","1681894041.001","5046452","true","'-23"
"E0702891-AE8E-8DC0-B0DE-3C666B326CA9:3138:0055","1681894161.001","5046452","true","'-25"
"E0702891-AE8E-8DC0-B0DE-3C666B326CA9:3138:0055","1681894290.001","5046452","true","'-25"
"E0702891-AE8E-8DC0-B0DE-3C666B326CA9:3138:0055","1681894408.001","5046452","true","'-26"
"E0702891-AE8E-8DC0-B0DE-3C666B326CA9:3138:0055","1681894582.001","5046452","true","'-23"
"E0702891-AE8E-8DC0-B0DE-3C666B326CA9:3138:0055","1681894664.001","5046452","true","'-26"
"E0702891-AE8E-8DC0-B0DE-3C666B326CA9:3138:0055","1681894779.001","5046452","true","'-25"
"E0702891-AE8E-8DC0-B0DE-3C666B326CA9:3138:0055","1681894905.001","5046452","true","'-25"
"E0702891-AE8E-8DC0-B0DE-3C666B326CA9:3138:0055","1681895019.001","5046452","true","'-25"
"E0702891-AE8E-8DC0-B0DE-3C666B326CA9:3138:0055","1681895145.001","5046452","true","'-25"
"E0702891-AE8E-8DC0-B0DE-3C666B326CA9:3138:0055","1681895261.001","5046452","true","'-25"
"E0702891-AE8E-8DC0-B0DE-3C666B326CA9:3138:0055","1681895382.001","5046452","true","'-25"
"E0702891-AE8E-8DC0-B0DE-3C666B326CA9:3138:0055","1681895559.001","5046452","true","'-25"
"E0702891-AE8E-8DC0-B0DE-3C666B326CA9:3138:0055","1681895634.001","5046452","true","'-25"
"E0702891-AE8E-8DC0-B0DE-3C666B326CA9:3138:0055","1681895754.001","5046452","true","'-23"
"E0702891-AE8E-8DC0-B0DE-3C666B326CA9:3138:0055","1681896509.001","5046452","false","null"
"E0702891-AE8E-8DC0-B0DE-3C666B326CA9:3138:0055","1681896633.001","5046452","false","null"
"E0702891-AE8E-8DC0-B0DE-3C666B326CA9:3138:0055","1681896758.001","5046452","false","null"
"E0702891-AE8E-8DC0-B0DE-3C666B326CA9:3138:0055","1681896883.001","5046452","false","null"
"E0702891-AE8E-8DC0-B0DE-3C666B326CA9:3138:0055","1681896997.001","5046452","false","null"
"E0702891-AE8E-8DC0-B0DE-3C666B326CA9:3138:0055","1681897123.001","5046452","false","null"
"E0702891-AE8E-8DC0-B0DE-3C666B326CA9:3138:0055","1681897234.001","5046452","true","'-45"
"E0702891-AE8E-8DC0-B0DE-3C666B326CA9:3138:0055","1681897360.001","5046452","false","null"
"E0702891-AE8E-8DC0-B0DE-3C666B326CA9:3138:0055","1681897483.001","5046452","false","null"
"E0702891-AE8E-8DC0-B0DE-3C666B326CA9:3138:0055","1681897613.001","5046452","false","null"
"E0702891-AE8E-8DC0-B0DE-3C666B326CA9:3138:0055","1681897719.001","5046452","false","null"
"E0702891-AE8E-8DC0-B0DE-3C666B326CA9:3138:0055","1681897837.001","5046452","true","'-39"
"E0702891-AE8E-8DC0-B0DE-3C666B326CA9:3138:0055","1681897960.001","5046452","true","'-39"
"E0702891-AE8E-8DC0-B0DE-3C666B326CA9:3138:0055","1681898079.001","5046452","true","'-32"
"E0702891-AE8E-8DC0-B0DE-3C666B326CA9:3138:0055","1681898197.001","5046452","true","'-33"
"E0702891-AE8E-8DC0-B0DE-3C666B326CA9:3138:0055","1681898318.001","5046452","true","'-33"
"E0702891-AE8E-8DC0-B0DE-3C666B326CA9:3138:0055","1681898439.001","5046452","true","'-49"
"E0702891-AE8E-8DC0-B0DE-3C666B326CA9:3138:0055","1681898615.001","5046452","true","'-46"
"E0702891-AE8E-8DC0-B0DE-3C666B326CA9:3138:0055","1681898683.001","5046452","true","'-39"
"E0702891-AE8E-8DC0-B0DE-3C666B326CA9:3138:0055","1681898805.001","5046452","true","'-44"
"E0702891-AE8E-8DC0-B0DE-3C666B326CA9:3138:0055","1681898923.001","5046452","true","'-37"
"E0702891-AE8E-8DC0-B0DE-3C666B326CA9:3138:0055","1681899044.001","5046452","true","'-42"
"E0702891-AE8E-8DC0-B0DE-3C666B326CA9:3138:0055","1681899167.001","5046452","true","'-46"
"E0702891-AE8E-8DC0-B0DE-3C666B326CA9:3138:0055","1681899287.001","5046452","true","'-48"
"E0702891-AE8E-8DC0-B0DE-3C666B326CA9:3138:0055","1681899405.001","5046452","true","'-42"
"E0702891-AE8E-8DC0-B0DE-3C666B326CA9:3138:0055","1681899526.001","5046452","true","'-42"
"E0702891-AE8E-8DC0-B0DE-3C666B326CA9:3138:0055","1681899647.001","5046452","false","null"
"E0702891-AE8E-8DC0-B0DE-3C666B326CA9:3138:0055","1681899767.001","5046452","false","null"
"E0702891-AE8E-8DC0-B0DE-3C666B326CA9:3138:0055","1681899885.001","5046452","true","'-27"
"E0702891-AE8E-8DC0-B0DE-3C666B326CA9:3138:0055","1681900009.001","5046452","true","'-39"
"E0702891-AE8E-8DC0-B0DE-3C666B326CA9:3138:0055","1681900130.001","5046452","true","'-43"
"E0702891-AE8E-8DC0-B0DE-3C666B326CA9:3138:0055","1681900251.001","5046452","true","'-44"
"E0702891-AE8E-8DC0-B0DE-3C666B326CA9:3138:0055","1681900373.001","5046452","true","'-43"
"E0702891-AE8E-8DC0-B0DE-3C666B326CA9:3138:0055","1681900493.001","5046452","true","'-43"
"E0702891-AE8E-8DC0-B0DE-3C666B326CA9:3138:0055","1681900609.001","5046452","true","'-43"
"E0702891-AE8E-8DC0-B0DE-3C666B326CA9:3138:0055","1681900730.001","5046452","true","'-42"
"E0702891-AE8E-8DC0-B0DE-3C666B326CA9:3138:0055","1681900852.001","5046452","true","'-43"
"E0702891-AE8E-8DC0-B0DE-3C666B326CA9:3138:0055","1681900970.001","5046452","true","'-42"
"E0702891-AE8E-8DC0-B0DE-3C666B326CA9:3138:0055","1681901090.001","5046452","true","'-42"
"E0702891-AE8E-8DC0-B0DE-3C666B326CA9:3138:0055","1681901212.001","5046452","true","'-42"
"E0702891-AE8E-8DC0-B0DE-3C666B326CA9:3138:0055","1681901335.001","5046452","true","'-43"
"E0702891-AE8E-8DC0-B0DE-3C666B326CA9:3138:0055","1681901461.001","5046452","true","'-43"
"E0702891-AE8E-8DC0-B0DE-3C666B326CA9:3138:0055","1681901573.001","5046452","true","'-42"
"E0702891-AE8E-8DC0-B0DE-3C666B326CA9:3138:0055","1681901694.001","5046452","true","'-42"
"E0702891-AE8E-8DC0-B0DE-3C666B326CA9:3138:0055","1681901871.001","5046452","true","'-43"
"E0702891-AE8E-8DC0-B0DE-3C666B326CA9:3138:0055","1681901943.001","5046452","true","'-43"
"E0702891-AE8E-8DC0-B0DE-3C666B326CA9:3138:0055","1681902064.001","5046452","true","'-42"
"E0702891-AE8E-8DC0-B0DE-3C666B326CA9:3138:0055","1681902184.001","5046452","true","'-41"
"E0702891-AE8E-8DC0-B0DE-3C666B326CA9:3138:0055","1681902305.001","5046452","true","'-42"
"E0702891-AE8E-8DC0-B0DE-3C666B326CA9:3138:0055","1681902426.001","5046452","true","'-42"
"E0702891-AE8E-8DC0-B0DE-3C666B326CA9:3138:0055","1681902542.001","5046452","true","'-42"
"E0702891-AE8E-8DC0-B0DE-3C666B326CA9:3138:0055","1681902662.001","5046452","true","'-42"
"E0702891-AE8E-8DC0-B0DE-3C666B326CA9:3138:0055","1681902783.001","5046452","true","'-42"
"E0702891-AE8E-8DC0-B0DE-3C666B326CA9:3138:0055","1681902904.001","5046452","true","'-43"
"E0702891-AE8E-8DC0-B0DE-3C666B326CA9:3138:0055","1681903026.001","5046452","true","'-43"
"E0702891-AE8E-8DC0-B0DE-3C666B326CA9:3138:0055","1681903145.001","5046452","true","'-42"
"E0702891-AE8E-8DC0-B0DE-3C666B326CA9:3138:0055","1681903265.001","5046452","true","'-43"
"E0702891-AE8E-8DC0-B0DE-3C666B326CA9:3138:0055","1681903384.001","5046452","true","'-42"
"E0702891-AE8E-8DC0-B0DE-3C666B326CA9:3138:0055","1681903504.001","5046452","true","'-42"
"E0702891-AE8E-8DC0-B0DE-3C666B326CA9:3138:0055","1681903625.001","5046452","true","'-42"
"E0702891-AE8E-8DC0-B0DE-3C666B326CA9:3138:0055","1681903745.001","5046452","true","'-42"
"E0702891-AE8E-8DC0-B0DE-3C666B326CA9:3138:0055","1681903866.001","5046452","true","'-42"
"E0702891-AE8E-8DC0-B0DE-3C666B326CA9:3138:0055","1681903985.001","5046452","true","'-42"
"E0702891-AE8E-8DC0-B0DE-3C666B326CA9:3138:0055","1681904105.001","5046452","true","'-42"
"E0702891-AE8E-8DC0-B0DE-3C666B326CA9:3138:0055","1681904226.001","5046452","true","'-42"
"E0702891-AE8E-8DC0-B0DE-3C666B326CA9:3138:0055","1681904348.001","5046452","true","'-43"
"E0702891-AE8E-8DC0-B0DE-3C666B326CA9:3138:0055","1681904468.001","5046452","true","'-42"
"E0702891-AE8E-8DC0-B0DE-3C666B326CA9:3138:0055","1681904587.001","5046452","true","'-42"
"E0702891-AE8E-8DC0-B0DE-3C666B326CA9:3138:0055","1681904710.001","5046452","true","'-42"
"E0702891-AE8E-8DC0-B0DE-3C666B326CA9:3138:0055","1681904828.001","5046452","true","'-43"
"E0702891-AE8E-8DC0-B0DE-3C666B326CA9:3138:0055","1681904949.001","5046452","true","'-42"
"E0702891-AE8E-8DC0-B0DE-3C666B326CA9:3138:0055","1681905072.001","5046452","true","'-42"
"E0702891-AE8E-8DC0-B0DE-3C666B326CA9:3138:0055","1681905189.001","5046452","true","'-42"
"E0702891-AE8E-8DC0-B0DE-3C666B326CA9:3138:0055","1681905310.001","5046452","true","'-42"
"E0702891-AE8E-8DC0-B0DE-3C666B326CA9:3138:0055","1681905487.001","5046452","true","'-42"
"E0702891-AE8E-8DC0-B0DE-3C666B326CA9:3138:0055","1681905552.001","5046452","true","'-43"
"E0702891-AE8E-8DC0-B0DE-3C666B326CA9:3138:0055","1681905672.001","5046452","true","'-42"
"E0702891-AE8E-8DC0-B0DE-3C666B326CA9:3138:0055","1681905792.001","5046452","true","'-42"
"E0702891-AE8E-8DC0-B0DE-3C666B326CA9:3138:0055","1681905912.001","5046452","true","'-42"
"E0702891-AE8E-8DC0-B0DE-3C666B326CA9:3138:0055","1681906033.001","5046452","true","'-42"
"E0702891-AE8E-8DC0-B0DE-3C666B326CA9:3138:0055","1681906211.001","5046452","true","'-43"
"E0702891-AE8E-8DC0-B0DE-3C666B326CA9:3138:0055","1681906331.001","5046452","true","'-43"
"E0702891-AE8E-8DC0-B0DE-3C666B326CA9:3138:0055","1681906393.001","5046452","true","'-42"
"E0702891-AE8E-8DC0-B0DE-3C666B326CA9:3138:0055","1681906572.001","5046452","true","'-42"
"E0702891-AE8E-8DC0-B0DE-3C666B326CA9:3138:0055","1681906633.001","5046452","true","'-43"
"E0702891-AE8E-8DC0-B0DE-3C666B326CA9:3138:0055","1681906812.001","5046452","true","'-42"
"E0702891-AE8E-8DC0-B0DE-3C666B326CA9:3138:0055","1681906874.001","5046452","true","'-42"
"E0702891-AE8E-8DC0-B0DE-3C666B326CA9:3138:0055","1681906996.001","5046452","true","'-42"
"E0702891-AE8E-8DC0-B0DE-3C666B326CA9:3138:0055","1681961139.001","5046452","true","'-45"
"E0702891-AE8E-8DC0-B0DE-3C666B326CA9:3138:0055","1681961286.001","5046452","true","'-36"
"E0702891-AE8E-8DC0-B0DE-3C666B326CA9:3138:0055","1681961395.001","5046452","true","'-37"
"E0702891-AE8E-8DC0-B0DE-3C666B326CA9:3138:0055","1681961539.001","5046452","true","'-37"
"E0702891-AE8E-8DC0-B0DE-3C666B326CA9:3138:0055","1681961688.001","5046452","false","null"
"E0702891-AE8E-8DC0-B0DE-3C666B326CA9:3138:0055","1681961787.001","5046452","false","null"
"E0702891-AE8E-8DC0-B0DE-3C666B326CA9:3138:0055","1681961896.001","5046452","false","null"
"E0702891-AE8E-8DC0-B0DE-3C666B326CA9:3138:0055","1681962026.001","5046452","false","null"
"E0702891-AE8E-8DC0-B0DE-3C666B326CA9:3138:0055","1681962134.001","5046452","true","'-37"
"E0702891-AE8E-8DC0-B0DE-3C666B326CA9:3138:0055","1681962271.001","5046452","true","'-36"
"E0702891-AE8E-8DC0-B0DE-3C666B326CA9:3138:0055","1681962377.001","5046452","true","'-52"
"E0702891-AE8E-8DC0-B0DE-3C666B326CA9:3138:0055","1681962503.001","5046452","true","'-39"
"E0702891-AE8E-8DC0-B0DE-3C666B326CA9:3138:0055","1681962620.001","5046452","true","'-38"
"E0702891-AE8E-8DC0-B0DE-3C666B326CA9:3138:0055","1681962749.001","5046452","true","'-39"
"E0702891-AE8E-8DC0-B0DE-3C666B326CA9:3138:0055","1681962862.001","5046452","true","'-39"
"E0702891-AE8E-8DC0-B0DE-3C666B326CA9:3138:0055","1681963038.001","5046452","true","'-38"
"E0702891-AE8E-8DC0-B0DE-3C666B326CA9:3138:0055","1681963147.001","5046452","true","'-38"
"E0702891-AE8E-8DC0-B0DE-3C666B326CA9:3138:0055","1681963252.001","5046452","false","null"
"E0702891-AE8E-8DC0-B0DE-3C666B326CA9:3138:0055","1681963388.001","5046452","false","null"
"E0702891-AE8E-8DC0-B0DE-3C666B326CA9:3138:0055","1681963493.001","5046452","false","null"
"E0702891-AE8E-8DC0-B0DE-3C666B326CA9:3138:0055","1681963623.001","5046452","false","null"
"E0702891-AE8E-8DC0-B0DE-3C666B326CA9:3138:0055","1681963788.001","5046452","true","'-62"
"E0702891-AE8E-8DC0-B0DE-3C666B326CA9:3138:0055","1681963920.001","5046452","true","'-63"
"E0702891-AE8E-8DC0-B0DE-3C666B326CA9:3138:0055","1681963994.001","5046452","true","'-63"
"E0702891-AE8E-8DC0-B0DE-3C666B326CA9:3138:0055","1681964114.001","5046452","true","'-51"
"E0702891-AE8E-8DC0-B0DE-3C666B326CA9:3138:0055","1681964114.002","5046452","false","null"
"E0702891-AE8E-8DC0-B0DE-3C666B326CA9:3138:0055","1681964114.012","5046452","false","null"
"E0702891-AE8E-8DC0-B0DE-3C666B326CA9:3138:0055","1681964114.02","5046452","false","null"
"E0702891-AE8E-8DC0-B0DE-3C666B326CA9:3138:0055","1681964233.001","5046452","false","null"
"E0702891-AE8E-8DC0-B0DE-3C666B326CA9:3138:0055","1681964352.001","5046452","true","'-56"
"E0702891-AE8E-8DC0-B0DE-3C666B326CA9:3138:0055","1681964352.021","5046452","true","'-56"
"E0702891-AE8E-8DC0-B0DE-3C666B326CA9:3138:0055","1681964352.024","5046452","true","'-56"
"E0702891-AE8E-8DC0-B0DE-3C666B326CA9:3138:0055","1681964352.03","5046452","false","null"
"E0702891-AE8E-8DC0-B0DE-3C666B326CA9:3138:0055","1681964352.04","5046452","false","null"
"E0702891-AE8E-8DC0-B0DE-3C666B326CA9:3138:0055","1681964352.05","5046452","false","null"
"E0702891-AE8E-8DC0-B0DE-3C666B326CA9:3138:0055","1681964352.064","5046452","true","'-56"
"E0702891-AE8E-8DC0-B0DE-3C666B326CA9:3138:0055","1681964352.07","5046452","true","'-56"
"E0702891-AE8E-8DC0-B0DE-3C666B326CA9:3138:0055","1681964352.08","5046452","true","'-56"
"E0702891-AE8E-8DC0-B0DE-3C666B326CA9:3138:0055","1681964352.09","5046452","true","'-56"
"E0702891-AE8E-8DC0-B0DE-3C666B326CA9:3138:0055","1681964352.1","5046452","true","'-56"
"E0702891-AE8E-8DC0-B0DE-3C666B326CA9:3138:0055","1681964352.15","5046452","true","'-56"
"E0702891-AE8E-8DC0-B0DE-3C666B326CA9:3138:0055","1681964352.2","5046452","true","'-56"
"E0702891-AE8E-8DC0-B0DE-3C666B326CA9:3138:0055","1681964352.264","5046452","true","'-56"
"E0702891-AE8E-8DC0-B0DE-3C666B326CA9:3138:0055","1681964472.001","5046452","true","'-52"
"E0702891-AE8E-8DC0-B0DE-3C666B326CA9:3138:0055","1681964597.001","5046452","true","'-57"
"E0702891-AE8E-8DC0-B0DE-3C666B326CA9:3138:0055","1681964713.001","5046452","true","'-56"
"E0702891-AE8E-8DC0-B0DE-3C666B326CA9:3138:0055","1681964833.001","5046452","true","'-58"
"E0702891-AE8E-8DC0-B0DE-3C666B326CA9:3138:0055","1681964961.001","5046452","true","'-58"
"E0702891-AE8E-8DC0-B0DE-3C666B326CA9:3138:0055","1681965088.001","5046452","true","'-39"
"E0702891-AE8E-8DC0-B0DE-3C666B326CA9:3138:0055","1681965206.001","5046452","true","'-39"
"E0702891-AE8E-8DC0-B0DE-3C666B326CA9:3138:0055","1681965322.001","5046452","true","'-44"
"E0702891-AE8E-8DC0-B0DE-3C666B326CA9:3138:0055","1681965455.001","5046452","true","'-39"
"E0702891-AE8E-8DC0-B0DE-3C666B326CA9:3138:0055","1681965619.001","5046452","true","'-37"
"E0702891-AE8E-8DC0-B0DE-3C666B326CA9:3138:0055","1681965703.001","5046452","true","'-37"
"E0702891-AE8E-8DC0-B0DE-3C666B326CA9:3138:0055","1681965822.001","5046452","true","'-39"
"E0702891-AE8E-8DC0-B0DE-3C666B326CA9:3138:0055","1681965935.001","5046452","true","'-39"
"E0702891-AE8E-8DC0-B0DE-3C666B326CA9:3138:0055","1681966056.001","5046452","true","'-34"
"E0702891-AE8E-8DC0-B0DE-3C666B326CA9:3138:0055","1681966176.001","5046452","true","'-38"
"E0702891-AE8E-8DC0-B0DE-3C666B326CA9:3138:0055","1681966295.001","5046452","true","'-34"
"E0702891-AE8E-8DC0-B0DE-3C666B326CA9:3138:0055","1681966418.001","5046452","true","'-34"
"E0702891-AE8E-8DC0-B0DE-3C666B326CA9:3138:0055","1681966547.001","5046452","true","'-35"
"E0702891-AE8E-8DC0-B0DE-3C666B326CA9:3138:0055","1681966658.001","5046452","true","'-39"
"E0702891-AE8E-8DC0-B0DE-3C666B326CA9:3138:0055","1681966836.001","5046452","true","'-34"
"E0702891-AE8E-8DC0-B0DE-3C666B326CA9:3138:0055","1681966913.001","5046452","true","'-38"
"E0702891-AE8E-8DC0-B0DE-3C666B326CA9:3138:0055","1681967032.001","5046452","true","'-37"
"E0702891-AE8E-8DC0-B0DE-3C666B326CA9:3138:0055","1681967154.001","5046452","true","'-34"
"E0702891-AE8E-8DC0-B0DE-3C666B326CA9:3138:0055","1681967328.001","5046452","false","null"
"E0702891-AE8E-8DC0-B0DE-3C666B326CA9:3138:0055","1681967404.001","5046452","false","null"
"E0702891-AE8E-8DC0-B0DE-3C666B326CA9:3138:0055","1681967521.001","5046452","false","null"
"E0702891-AE8E-8DC0-B0DE-3C666B326CA9:3138:0055","1681967647.001","5046452","false","null"
"E0702891-AE8E-8DC0-B0DE-3C666B326CA9:3138:0055","1681967770.001","5046452","false","null"
"E0702891-AE8E-8DC0-B0DE-3C666B326CA9:3138:0055","1681967899.001","5046452","false","null"
"E0702891-AE8E-8DC0-B0DE-3C666B326CA9:3138:0055","1681968005.001","5046452","false","null"
"E0702891-AE8E-8DC0-B0DE-3C666B326CA9:3138:0055","1681968132.001","5046452","false","null"
"E0702891-AE8E-8DC0-B0DE-3C666B326CA9:3138:0055","1681968254.001","5046452","false","null"
"E0702891-AE8E-8DC0-B0DE-3C666B326CA9:3138:0055","1681968370.001","5046452","false","null"
"E0702891-AE8E-8DC0-B0DE-3C666B326CA9:3138:0055","1681968488.001","5046452","false","null"
"E0702891-AE8E-8DC0-B0DE-3C666B326CA9:3138:0055","1681968610.001","5046452","false","null"
"E0702891-AE8E-8DC0-B0DE-3C666B326CA9:3138:0055","1681968730.001","5046452","false","null"
"E0702891-AE8E-8DC0-B0DE-3C666B326CA9:3138:0055","1681968863.001","5046452","false","null"
"E0702891-AE8E-8DC0-B0DE-3C666B326CA9:3138:0055","1681968978.001","5046452","false","null"
"E0702891-AE8E-8DC0-B0DE-3C666B326CA9:3138:0055","1681969095.001","5046452","false","null"
"E0702891-AE8E-8DC0-B0DE-3C666B326CA9:3138:0055","1681969220.001","5046452","false","null"
"E0702891-AE8E-8DC0-B0DE-3C666B326CA9:3138:0055","1681969338.001","5046452","false","null"
"E0702891-AE8E-8DC0-B0DE-3C666B326CA9:3138:0055","1681969458.001","5046452","false","null"
"E0702891-AE8E-8DC0-B0DE-3C666B326CA9:3138:0055","1681969588.001","5046452","false","null"
"E0702891-AE8E-8DC0-B0DE-3C666B326CA9:3138:0055","1681969752.001","5046452","false","null"
"E0702891-AE8E-8DC0-B0DE-3C666B326CA9:3138:0055","1681969855.001","5046452","false","null"
"E0702891-AE8E-8DC0-B0DE-3C666B326CA9:3138:0055","1681969954.001","5046452","false","null"
"E0702891-AE8E-8DC0-B0DE-3C666B326CA9:3138:0055","1681970082.001","5046452","false","null"
"E0702891-AE8E-8DC0-B0DE-3C666B326CA9:3138:0055","1681970198.001","5046452","false","null"
"E0702891-AE8E-8DC0-B0DE-3C666B326CA9:3138:0055","1681970321.001","5046452","false","null"
"E0702891-AE8E-8DC0-B0DE-3C666B326CA9:3138:0055","1681970438.001","5046452","false","null"
"E0702891-AE8E-8DC0-B0DE-3C666B326CA9:3138:0055","1681970573.001","5046452","false","null"
"E0702891-AE8E-8DC0-B0DE-3C666B326CA9:3138:0055","1681970689.001","5046452","false","null"
"E0702891-AE8E-8DC0-B0DE-3C666B326CA9:3138:0055","1681970811.001","5046452","false","null"
"E0702891-AE8E-8DC0-B0DE-3C666B326CA9:3138:0055","1681970943.001","5046452","false","null"
"E0702891-AE8E-8DC0-B0DE-3C666B326CA9:3138:0055","1681971053.001","5046452","false","null"
"E0702891-AE8E-8DC0-B0DE-3C666B326CA9:3138:0055","1681971171.001","5046452","true","'-59"
"E0702891-AE8E-8DC0-B0DE-3C666B326CA9:3138:0055","1681971289.001","5046452","true","'-67"
"E0702891-AE8E-8DC0-B0DE-3C666B326CA9:3138:0055","1681971423.001","5046452","true","'-44"
"E0702891-AE8E-8DC0-B0DE-3C666B326CA9:3138:0055","1681971533.001","5046452","true","'-44"
"E0702891-AE8E-8DC0-B0DE-3C666B326CA9:3138:0055","1681971668.001","5046452","true","'-45"
"E0702891-AE8E-8DC0-B0DE-3C666B326CA9:3138:0055","1681971797.001","5046452","true","'-41"
"E0702891-AE8E-8DC0-B0DE-3C666B326CA9:3138:0055","1681971902.001","5046452","true","'-41"
"E0702891-AE8E-8DC0-B0DE-3C666B326CA9:3138:0055","1681972078.001","5046452","true","'-39"
"E0702891-AE8E-8DC0-B0DE-3C666B326CA9:3138:0055","1681972165.001","5046452","true","'-40"
"E0702891-AE8E-8DC0-B0DE-3C666B326CA9:3138:0055","1681972294.001","5046452","true","'-45"
"E0702891-AE8E-8DC0-B0DE-3C666B326CA9:3138:0055","1681972428.001","5046452","true","'-41"
"E0702891-AE8E-8DC0-B0DE-3C666B326CA9:3138:0055","1681972527.001","5046452","true","'-42"
"E0702891-AE8E-8DC0-B0DE-3C666B326CA9:3138:0055","1681972704.001","5046452","true","'-43"
"E0702891-AE8E-8DC0-B0DE-3C666B326CA9:3138:0055","1681972786.001","5046452","true","'-39"
"E0702891-AE8E-8DC0-B0DE-3C666B326CA9:3138:0055","1681972907.001","5046452","true","'-39"
"E0702891-AE8E-8DC0-B0DE-3C666B326CA9:3138:0055","1681973021.001","5046452","true","'-44"
"E0702891-AE8E-8DC0-B0DE-3C666B326CA9:3138:0055","1681973145.001","5046452","true","'-43"
"E0702891-AE8E-8DC0-B0DE-3C666B326CA9:3138:0055","1681973261.001","5046452","true","'-45"
"E0702891-AE8E-8DC0-B0DE-3C666B326CA9:3138:0055","1681973382.001","5046452","true","'-43"
"E0702891-AE8E-8DC0-B0DE-3C666B326CA9:3138:0055","1681973516.001","5046452","true","'-39"
"E0702891-AE8E-8DC0-B0DE-3C666B326CA9:3138:0055","1681973631.001","5046452","true","'-45"
"E0702891-AE8E-8DC0-B0DE-3C666B326CA9:3138:0055","1681973758.001","5046452","true","'-45"
"E0702891-AE8E-8DC0-B0DE-3C666B326CA9:3138:0055","1681973887.001","5046452","true","'-45"
"E0702891-AE8E-8DC0-B0DE-3C666B326CA9:3138:0055","1681973993.001","5046452","true","'-41"
"E0702891-AE8E-8DC0-B0DE-3C666B326CA9:3138:0055","1681974115.001","5046452","true","'-43"
"E0702891-AE8E-8DC0-B0DE-3C666B326CA9:3138:0055","1681974235.001","5046452","true","'-44"
"E0702891-AE8E-8DC0-B0DE-3C666B326CA9:3138:0055","1681974357.001","5046452","true","'-42"
"E0702891-AE8E-8DC0-B0DE-3C666B326CA9:3138:0055","1681974476.001","5046452","true","'-44"
"E0702891-AE8E-8DC0-B0DE-3C666B326CA9:3138:0055","1681974595.001","5046452","true","'-45"
"E0702891-AE8E-8DC0-B0DE-3C666B326CA9:3138:0055","1681974717.001","5046452","true","'-41"
"E0702891-AE8E-8DC0-B0DE-3C666B326CA9:3138:0055","1681974846.001","5046452","true","'-44"
"E0702891-AE8E-8DC0-B0DE-3C666B326CA9:3138:0055","1681974969.001","5046452","true","'-39"
"E0702891-AE8E-8DC0-B0DE-3C666B326CA9:3138:0055","1681975098.001","5046452","true","'-44"
"E0702891-AE8E-8DC0-B0DE-3C666B326CA9:3138:0055","1681975204.001","5046452","true","'-39"
"E0702891-AE8E-8DC0-B0DE-3C666B326CA9:3138:0055","1681975338.001","5046452","true","'-40"
"E0702891-AE8E-8DC0-B0DE-3C666B326CA9:3138:0055","1681975453.001","5046452","true","'-44"
"E0702891-AE8E-8DC0-B0DE-3C666B326CA9:3138:0055","1681975569.001","5046452","true","'-40"
"E0702891-AE8E-8DC0-B0DE-3C666B326CA9:3138:0055","1681975691.001","5046452","true","'-43"
"E0702891-AE8E-8DC0-B0DE-3C666B326CA9:3138:0055","1681975837.001","5046452","true","'-43"
"E0702891-AE8E-8DC0-B0DE-3C666B326CA9:3138:0055","1681975934.001","5046452","true","'-43"
"E0702891-AE8E-8DC0-B0DE-3C666B326CA9:3138:0055","1681976072.001","5046452","true","'-41"
"E0702891-AE8E-8DC0-B0DE-3C666B326CA9:3138:0055","1681976180.001","5046452","true","'-44"
"E0702891-AE8E-8DC0-B0DE-3C666B326CA9:3138:0055","1681976313.001","5046452","true","'-41"
"E0702891-AE8E-8DC0-B0DE-3C666B326CA9:3138:0055","1681976472.001","5046452","true","'-41"
"E0702891-AE8E-8DC0-B0DE-3C666B326CA9:3138:0055","1681976553.001","5046452","true","'-42"
"E0702891-AE8E-8DC0-B0DE-3C666B326CA9:3138:0055","1681976674.001","5046452","true","'-43"
"E0702891-AE8E-8DC0-B0DE-3C666B326CA9:3138:0055","1681976813.001","5046452","true","'-44"
"E0702891-AE8E-8DC0-B0DE-3C666B326CA9:3138:0055","1681976924.001","5046452","true","'-41"
"E0702891-AE8E-8DC0-B0DE-3C666B326CA9:3138:0055","1681977057.001","5046452","true","'-41"
"E0702891-AE8E-8DC0-B0DE-3C666B326CA9:3138:0055","1681977165.001","5046452","true","'-44"
"E0702891-AE8E-8DC0-B0DE-3C666B326CA9:3138:0055","1681977295.001","5046452","true","'-38"
"E0702891-AE8E-8DC0-B0DE-3C666B326CA9:3138:0055","1681977413.001","5046452","true","'-42"
"E0702891-AE8E-8DC0-B0DE-3C666B326CA9:3138:0055","1681977527.001","5046452","true","'-46"
"E0702891-AE8E-8DC0-B0DE-3C666B326CA9:3138:0055","1681977655.001","5046452","true","'-45"
"E0702891-AE8E-8DC0-B0DE-3C666B326CA9:3138:0055","1681977770.001","5046452","true","'-42"
"E0702891-AE8E-8DC0-B0DE-3C666B326CA9:3138:0055","1681977926.001","5046452","true","'-44"
"E0702891-AE8E-8DC0-B0DE-3C666B326CA9:3138:0055","1681978029.001","5046452","true","'-44"
"E0702891-AE8E-8DC0-B0DE-3C666B326CA9:3138:0055","1681978142.001","5046452","true","'-45"
"E0702891-AE8E-8DC0-B0DE-3C666B326CA9:3138:0055","1681978268.001","5046452","true","'-43"
"E0702891-AE8E-8DC0-B0DE-3C666B326CA9:3138:0055","1681978440.001","5046452","true","'-42"
"E0702891-AE8E-8DC0-B0DE-3C666B326CA9:3138:0055","1681978514.001","5046452","true","'-45"
"E0702891-AE8E-8DC0-B0DE-3C666B326CA9:3138:0055","1681978639.001","5046452","true","'-45"
"E0702891-AE8E-8DC0-B0DE-3C666B326CA9:3138:0055","1681978756.001","5046452","true","'-43"
"E0702891-AE8E-8DC0-B0DE-3C666B326CA9:3138:0055","1681978891.001","5046452","true","'-42"
"E0702891-AE8E-8DC0-B0DE-3C666B326CA9:3138:0055","1681979006.001","5046452","true","'-42"
"E0702891-AE8E-8DC0-B0DE-3C666B326CA9:3138:0055","1681979121.001","5046452","true","'-42"
"E0702891-AE8E-8DC0-B0DE-3C666B326CA9:3138:0055","1681979249.001","5046452","true","'-42"
"E0702891-AE8E-8DC0-B0DE-3C666B326CA9:3138:0055","1681979371.001","5046452","true","'-41"
"E0702891-AE8E-8DC0-B0DE-3C666B326CA9:3138:0055","1681979504.001","5046452","true","'-43"
"E0702891-AE8E-8DC0-B0DE-3C666B326CA9:3138:0055","1681979641.001","5046452","true","'-51"
"E0702891-AE8E-8DC0-B0DE-3C666B326CA9:3138:0055","1681979745.001","5046452","true","'-51"
"E0702891-AE8E-8DC0-B0DE-3C666B326CA9:3138:0055","1681979871.001","5046452","true","'-65"
"E0702891-AE8E-8DC0-B0DE-3C666B326CA9:3138:0055","1681979981.001","5046452","true","'-52"
"E0702891-AE8E-8DC0-B0DE-3C666B326CA9:3138:0055","1681980112.001","5046452","true","'-52"
"E0702891-AE8E-8DC0-B0DE-3C666B326CA9:3138:0055","1681980225.001","5046452","true","'-61"
"E0702891-AE8E-8DC0-B0DE-3C666B326CA9:3138:0055","1681980362.001","5046452","true","'-61"
"E0702891-AE8E-8DC0-B0DE-3C666B326CA9:3138:0055","1681980480.001","5046452","false","null"
"E0702891-AE8E-8DC0-B0DE-3C666B326CA9:3138:0055","1681980632.001","5046452","false","null"
"E0702891-AE8E-8DC0-B0DE-3C666B326CA9:3138:0055","1681980777.001","5046452","false","null"
"E0702891-AE8E-8DC0-B0DE-3C666B326CA9:3138:0055","1681980870.001","5046452","true","'-33"
"E0702891-AE8E-8DC0-B0DE-3C666B326CA9:3138:0055","1681980976.001","5046452","true","'-32"
"E0702891-AE8E-8DC0-B0DE-3C666B326CA9:3138:0055","1681981098.001","5046452","true","'-42"
"E0702891-AE8E-8DC0-B0DE-3C666B326CA9:3138:0055","1681981241.001","5046452","true","'-42"
"E0702891-AE8E-8DC0-B0DE-3C666B326CA9:3138:0055","1681981361.001","5046452","true","'-33"
"E0702891-AE8E-8DC0-B0DE-3C666B326CA9:3138:0055","1681981472.001","5046452","true","'-49"
"E0702891-AE8E-8DC0-B0DE-3C666B326CA9:3138:0055","1681981593.001","5046452","true","'-55"
"E0702891-AE8E-8DC0-B0DE-3C666B326CA9:3138:0055","1681981712.001","5046452","false","null"
"E0702891-AE8E-8DC0-B0DE-3C666B326CA9:3138:0055","1681981835.001","5046452","true","'-28"
"E0702891-AE8E-8DC0-B0DE-3C666B326CA9:3138:0055","1681981948.001","5046452","true","'-23"
"E0702891-AE8E-8DC0-B0DE-3C666B326CA9:3138:0055","1681982075.001","5046452","true","'-28"
"E0702891-AE8E-8DC0-B0DE-3C666B326CA9:3138:0055","1681982193.001","5046452","true","'-23"
"E0702891-AE8E-8DC0-B0DE-3C666B326CA9:3138:0055","1681982321.001","5046452","true","'-28"
"E0702891-AE8E-8DC0-B0DE-3C666B326CA9:3138:0055","1681982434.001","5046452","true","'-23"
"E0702891-AE8E-8DC0-B0DE-3C666B326CA9:3138:0055","1681982556.001","5046452","true","'-24"
"E0702891-AE8E-8DC0-B0DE-3C666B326CA9:3138:0055","1681982681.001","5046452","true","'-28"
"E0702891-AE8E-8DC0-B0DE-3C666B326CA9:3138:0055","1681982854.001","5046452","true","'-23"
"E0702891-AE8E-8DC0-B0DE-3C666B326CA9:3138:0055","1681982928.001","5046452","true","'-23"
"E0702891-AE8E-8DC0-B0DE-3C666B326CA9:3138:0055","1681983048.001","5046452","true","'-28"
"E0702891-AE8E-8DC0-B0DE-3C666B326CA9:3138:0055","1681983196.001","5046452","true","'-23"
"E0702891-AE8E-8DC0-B0DE-3C666B326CA9:3138:0055","1681983314.001","5046452","true","'-23"
"E0702891-AE8E-8DC0-B0DE-3C666B326CA9:3138:0055","1681983477.001","5046452","true","'-23"
"E0702891-AE8E-8DC0-B0DE-3C666B326CA9:3138:0055","1681983552.001","5046452","true","'-24"
"E0702891-AE8E-8DC0-B0DE-3C666B326CA9:3138:0055","1681983670.001","5046452","true","'-28"
"E0702891-AE8E-8DC0-B0DE-3C666B326CA9:3138:0055","1681983790.001","5046452","true","'-24"
"E0702891-AE8E-8DC0-B0DE-3C666B326CA9:3138:0055","1681983910.001","5046452","true","'-23"
"E0702891-AE8E-8DC0-B0DE-3C666B326CA9:3138:0055","1681984089.001","5046452","true","'-23"
"E0702891-AE8E-8DC0-B0DE-3C666B326CA9:3138:0055","1681984169.001","5046452","true","'-22"
"E0702891-AE8E-8DC0-B0DE-3C666B326CA9:3138:0055","1681984288.001","5046452","true","'-24"
"E0702891-AE8E-8DC0-B0DE-3C666B326CA9:3138:0055","1681984406.001","5046452","true","'-24"
"E0702891-AE8E-8DC0-B0DE-3C666B326CA9:3138:0055","1681984527.001","5046452","true","'-28"
"E0702891-AE8E-8DC0-B0DE-3C666B326CA9:3138:0055","1681984650.001","5046452","true","'-27"
"E0702891-AE8E-8DC0-B0DE-3C666B326CA9:3138:0055","1681984779.001","5046452","true","'-28"
"E0702891-AE8E-8DC0-B0DE-3C666B326CA9:3138:0055","1681984890.001","5046452","true","'-23"
"E0702891-AE8E-8DC0-B0DE-3C666B326CA9:3138:0055","1681985012.001","5046452","true","'-23"
"E0702891-AE8E-8DC0-B0DE-3C666B326CA9:3138:0055","1681985132.001","5046452","true","'-24"
"E0702891-AE8E-8DC0-B0DE-3C666B326CA9:3138:0055","1681985263.001","5046452","true","'-24"
"E0702891-AE8E-8DC0-B0DE-3C666B326CA9:3138:0055","1681985378.001","5046452","false","null"
"E0702891-AE8E-8DC0-B0DE-3C666B326CA9:3138:0055","1681985513.001","5046452","false","null"
"E0702891-AE8E-8DC0-B0DE-3C666B326CA9:3138:0055","1681985617.001","5046452","true","'-57"
"E0702891-AE8E-8DC0-B0DE-3C666B326CA9:3138:0055","1681985742.001","5046452","false","null"
"E0702891-AE8E-8DC0-B0DE-3C666B326CA9:3138:0055","1681985859.001","5046452","true","'-36"
"E0702891-AE8E-8DC0-B0DE-3C666B326CA9:3138:0055","1681986003.001","5046452","true","'-36"
"E0702891-AE8E-8DC0-B0DE-3C666B326CA9:3138:0055","1681986122.001","5046452","false","null"
"E0702891-AE8E-8DC0-B0DE-3C666B326CA9:3138:0055","1681986227.001","5046452","true","'-48"
"E0702891-AE8E-8DC0-B0DE-3C666B326CA9:3138:0055","1681986357.001","5046452","true","'-53"
"E0702891-AE8E-8DC0-B0DE-3C666B326CA9:3138:0055","1681986469.001","5046452","true","'-63"
"E0702891-AE8E-8DC0-B0DE-3C666B326CA9:3138:0055","1681986624.001","5046452","true","'-63"
"E0702891-AE8E-8DC0-B0DE-3C666B326CA9:3138:0055","1681986750.001","5046452","false","null"
"E0702891-AE8E-8DC0-B0DE-3C666B326CA9:3138:0055","1681986847.001","5046452","true","'-47"
"E0702891-AE8E-8DC0-B0DE-3C666B326CA9:3138:0055","1681986968.001","5046452","true","'-29"
"E0702891-AE8E-8DC0-B0DE-3C666B326CA9:3138:0055","1681987091.001","5046452","false","null"
"E0702891-AE8E-8DC0-B0DE-3C666B326CA9:3138:0055","1681987210.001","5046452","false","null"
"E0702891-AE8E-8DC0-B0DE-3C666B326CA9:3138:0055","1681987349.001","5046452","false","null"
"E0702891-AE8E-8DC0-B0DE-3C666B326CA9:3138:0055","1681987478.001","5046452","false","null"
"E0702891-AE8E-8DC0-B0DE-3C666B326CA9:3138:0055","1681987609.001","5046452","false","null"
"E0702891-AE8E-8DC0-B0DE-3C666B326CA9:3138:0055","1681987712.001","5046452","true","'-59"
"E0702891-AE8E-8DC0-B0DE-3C666B326CA9:3138:0055","1681987829.001","5046452","true","'-48"
"E0702891-AE8E-8DC0-B0DE-3C666B326CA9:3138:0055","1681987945.001","5046452","true","'-35"
"E0702891-AE8E-8DC0-B0DE-3C666B326CA9:3138:0055","1681988070.001","5046452","true","'-35"
"E0702891-AE8E-8DC0-B0DE-3C666B326CA9:3138:0055","1681988200.001","5046452","true","'-34"
"E0702891-AE8E-8DC0-B0DE-3C666B326CA9:3138:0055","1681988311.001","5046452","true","'-31"
"E0702891-AE8E-8DC0-B0DE-3C666B326CA9:3138:0055","1681988435.001","5046452","true","'-34"
"E0702891-AE8E-8DC0-B0DE-3C666B326CA9:3138:0055","1681988558.001","5046452","true","'-31"
"E0702891-AE8E-8DC0-B0DE-3C666B326CA9:3138:0055","1681988677.001","5046452","true","'-31"
"E0702891-AE8E-8DC0-B0DE-3C666B326CA9:3138:0055","1681988798.001","5046452","true","'-23"
"E0702891-AE8E-8DC0-B0DE-3C666B326CA9:3138:0055","1681988913.001","5046452","true","'-48"
"E0702891-AE8E-8DC0-B0DE-3C666B326CA9:3138:0055","1681989047.001","5046452","true","'-65"
"E0702891-AE8E-8DC0-B0DE-3C666B326CA9:3138:0055","1681989159.001","5046452","true","'-60"
"E0702891-AE8E-8DC0-B0DE-3C666B326CA9:3138:0055","1681989297.001","5046452","true","'-58"
"E0702891-AE8E-8DC0-B0DE-3C666B326CA9:3138:0055","1681989409.001","5046452","true","'-58"
"E0702891-AE8E-8DC0-B0DE-3C666B326CA9:3138:0055","1681989530.001","5046452","true","'-48"
"E0702891-AE8E-8DC0-B0DE-3C666B326CA9:3138:0055","1681989645.001","5046452","true","'-24"
"E0702891-AE8E-8DC0-B0DE-3C666B326CA9:3138:0055","1681989767.001","5046452","true","'-24"
"E0702891-AE8E-8DC0-B0DE-3C666B326CA9:3138:0055","1681989886.001","5046452","true","'-21"
"E0702891-AE8E-8DC0-B0DE-3C666B326CA9:3138:0055","1681990002.001","5046452","true","'-51"
"E0702891-AE8E-8DC0-B0DE-3C666B326CA9:3138:0055","1681990126.001","5046452","true","'-51"
"E0702891-AE8E-8DC0-B0DE-3C666B326CA9:3138:0055","1681990244.001","5046452","true","'-45"
"E0702891-AE8E-8DC0-B0DE-3C666B326CA9:3138:0055","1681990372.001","5046452","true","'-45"
"E0702891-AE8E-8DC0-B0DE-3C666B326CA9:3138:0055","1681990487.001","5046452","true","'-65"
"E0702891-AE8E-8DC0-B0DE-3C666B326CA9:3138:0055","1681990604.001","5046452","true","'-45"
"E0702891-AE8E-8DC0-B0DE-3C666B326CA9:3138:0055","1681990782.001","5046452","true","'-28"
"E0702891-AE8E-8DC0-B0DE-3C666B326CA9:3138:0055","1681990854.001","5046452","true","'-21"
"E0702891-AE8E-8DC0-B0DE-3C666B326CA9:3138:0055","1681990976.001","5046452","true","'-32"
"E0702891-AE8E-8DC0-B0DE-3C666B326CA9:3138:0055","1681991094.001","5046452","true","'-37"
"E0702891-AE8E-8DC0-B0DE-3C666B326CA9:3138:0055","1681991216.001","5046452","true","'-37"
"E0702891-AE8E-8DC0-B0DE-3C666B326CA9:3138:0055","1681991336.001","5046452","true","'-31"
"E0702891-AE8E-8DC0-B0DE-3C666B326CA9:3138:0055","1681991469.001","5046452","true","'-56"
"E0702891-AE8E-8DC0-B0DE-3C666B326CA9:3138:0055","1681991582.001","5046452","true","'-51"
"E0702891-AE8E-8DC0-B0DE-3C666B326CA9:3138:0055","1681991698.001","5046452","true","'-49"
"E0702891-AE8E-8DC0-B0DE-3C666B326CA9:3138:0055","1681991821.001","5046452","true","'-40"
"E0702891-AE8E-8DC0-B0DE-3C666B326CA9:3138:0055","1681991996.001","5046452","true","'-54"
"E0702891-AE8E-8DC0-B0DE-3C666B326CA9:3138:0055","1681992068.001","5046452","true","'-37"
"E0702891-AE8E-8DC0-B0DE-3C666B326CA9:3138:0055","1681992246.001","5046452","true","'-22"
"E0702891-AE8E-8DC0-B0DE-3C666B326CA9:3138:0055","1681992312.001","5046452","true","'-26"
"E0702891-AE8E-8DC0-B0DE-3C666B326CA9:3138:0055","1681992432.001","5046452","true","'-32"
"E0702891-AE8E-8DC0-B0DE-3C666B326CA9:3138:0055","1681992554.001","5046452","true","'-25"
"E0702891-AE8E-8DC0-B0DE-3C666B326CA9:3138:0055","1681992671.001","5046452","true","'-32"
"E0702891-AE8E-8DC0-B0DE-3C666B326CA9:3138:0055","1681992791.001","5046452","true","'-25"